<?xml
 version="1.0"
 encoding="utf-8"?>
<!--
  == Copyright (c) 2002-2003. All rights reserved.
  == Financial Products Markup Language is subject to the FpML public license.
  == A copy of this license is available at http://www.fpml.org/documents/license
  -->
<!--
  == Backwards compatibility Example
  ==
  == This examples shows how to use the DataDocument type in a document that does
  == not contain any message elements.
  -->
<FpML
 version="4-0"
 xsi:type="DataDocument"
 xmlns:xsi="http://www.w3.org/2001/XMLSchema-instance"
 xsi:schemaLocation="http://www.fpml.org/2003/FpML-4-0 ../fpml-main-4-0.xsd"
 xmlns="http://www.fpml.org/2003/FpML-4-0"
>
  <trade>
    <tradeHeader>
      <partyTradeIdentifier>
        <partyReference
         href="ABN" />
	 <tradeId tradeIdScheme = "http://abnamro.com/trades">67890</tradeId>
      </partyTradeIdentifier>
      <tradeDate>2003-04-02</tradeDate>
    </tradeHeader>
    <fxSingleLeg>
      <exchangedCurrency1>
        <payerPartyReference
         href="CHASE" />
        <receiverPartyReference
         href="ABN" />
        <paymentAmount>
          <currency>GBP</currency>
          <amount>1000000</amount>
        </paymentAmount>
      </exchangedCurrency1>
      <exchangedCurrency2>
        <payerPartyReference
         href="ABN" />
        <receiverPartyReference
         href="CHASE" />
        <paymentAmount>
          <currency>USD</currency>
          <amount>1520000</amount>
        </paymentAmount>
      </exchangedCurrency2>
      <valueDate>2003-04-04</valueDate>
      <exchangeRate>
        <quotedCurrencyPair>
          <currency1>GBP</currency1>
          <currency2>USD</currency2>
          <quoteBasis>Currency2PerCurrency1</quoteBasis>
        </quotedCurrencyPair>
        <rate>1.5200</rate>
      </exchangeRate>
    </fxSingleLeg>
  </trade>
  <trade>
    <tradeHeader>
      <partyTradeIdentifier>
        <partyReference
         href="ABN" />
        <tradeId tradeIdScheme = "http://abnamro.com/trades">12345</tradeId>
      </partyTradeIdentifier>
      <tradeDate>2003-04-02</tradeDate>
    </tradeHeader>
    <fxSingleLeg>
      <exchangedCurrency1>
        <payerPartyReference
         href="CHASE" />
        <receiverPartyReference
         href="ABN" />
        <paymentAmount>
          <currency>GBP</currency>
          <amount>1000000</amount>
        </paymentAmount>
      </exchangedCurrency1>
      <exchangedCurrency2>
        <payerPartyReference
         href="ABN" />
        <receiverPartyReference
         href="CHASE" />
        <paymentAmount>
          <currency>EUR</currency>
          <amount>1480000</amount>
        </paymentAmount>
      </exchangedCurrency2>
      <valueDate>2003-04-04</valueDate>
      <exchangeRate>
        <quotedCurrencyPair>
          <currency1>GBP</currency1>
          <currency2>EUR</currency2>
          <quoteBasis>Currency2PerCurrency1</quoteBasis>
        </quotedCurrencyPair>
        <rate>1.4800</rate>
      </exchangeRate>
    </fxSingleLeg>
  </trade>
  <portfolio>
    <tradeId tradeIdScheme = "http://abnamro.com/trades">67890</tradeId>
    <tradeId tradeIdScheme = "http://abnamro.com/trades">12345</tradeId>
  </portfolio>
  <party
   id="CHASE">
    <partyId>CHASUS33</partyId>
    <partyName>CHASE</partyName>
  </party>
  <party
   id="ABN">
    <partyId>ABNANL2A</partyId>
    <partyName>ABN Amro</partyName>
  </party>
</FpML>

