<?xml version="1.0" encoding="UTF-8"?>
<Invoice xmlns:cbc="urn:oasis:names:specification:ubl:schema:xsd:CommonBasicComponents-1.0" xmlns:cac="urn:oasis:names:specification:ubl:schema:xsd:CommonAggregateComponents-1.0" xmlns:cur="urn:oasis:names:specification:ubl:schema:xsd:CurrencyCode-1.0" xmlns:xsi="http://www.w3.org/2001/XMLSchema-instance" xmlns="urn:oasis:names:specification:ubl:schema:xsd:Invoice-1.0" xsi:schemaLocation="urn:oasis:names:specification:ubl:schema:xsd:Invoice-1.0 ../../xsd/maindoc/UBL-Invoice-1.0.xsd">
	<ID>IN 2003/00645</ID>
	<cbc:CopyIndicator>false</cbc:CopyIndicator>
	<cbc:IssueDate>2003-02-25</cbc:IssueDate>
	<TaxPointDate>2003-02-25</TaxPointDate>
	<cac:OrderReference>
		<cac:BuyersID>S03-034257</cac:BuyersID>
		<cac:SellersID>SW/F1/50156</cac:SellersID>
		<cbc:IssueDate>2003-02-03</cbc:IssueDate>
	</cac:OrderReference>
	<DespatchDocumentReference>
		<cac:ID>DEL-03/55-712</cac:ID>
		<cbc:IssueDate>2003-02-24</cbc:IssueDate>
	</DespatchDocumentReference>
	<cac:BuyerParty>
		<cac:Party>
			<cac:PartyName>
				<cbc:Name>Jerry Builder plc</cbc:Name>
			</cac:PartyName>
			<cac:Address>
				<cbc:StreetName>Marsh Lane</cbc:StreetName>
				<cbc:CityName>Nowhere</cbc:CityName>
				<cbc:PostalZone>NR18 4XX</cbc:PostalZone>
				<cbc:CountrySubentity>Norfolk</cbc:CountrySubentity>
			</cac:Address>
			<cac:Contact>
				<cbc:Name>Eva Brick</cbc:Name>
			</cac:Contact>
		</cac:Party>
	</cac:BuyerParty>
	<cac:SellerParty>
		<cac:Party>
			<cac:PartyName>
				<cbc:Name>Specialist Windows plc</cbc:Name>
			</cac:PartyName>
			<cac:Address>
				<cbc:BuildingName>Snowhill Works</cbc:BuildingName>
				<cbc:CityName>Little Snoring</cbc:CityName>
				<cbc:PostalZone>SM2 3NW</cbc:PostalZone>
				<cbc:CountrySubentity>Whereshire</cbc:CountrySubentity>
			</cac:Address>
			<cac:PartyTaxScheme>
				<cac:CompanyID>03004567</cac:CompanyID>
				<cac:TaxScheme>
					<cac:TaxTypeCode>VAT</cac:TaxTypeCode>
				</cac:TaxScheme>
			</cac:PartyTaxScheme>
		</cac:Party>
		<cac:AccountsContact>
			<cbc:Name>Paul Carpenter</cbc:Name>
		</cac:AccountsContact>
	</cac:SellerParty>
	<cac:Delivery>
		<cbc:ActualDeliveryDateTime>2003-02-24T00:00:00</cbc:ActualDeliveryDateTime>
		<cac:DeliveryAddress>
			<cbc:StreetName>Riverside Rd.</cbc:StreetName>
			<cbc:BuildingName>Plot 17, Whitewater Estate</cbc:BuildingName>
			<cbc:CityName>Whetstone</cbc:CityName>
			<cbc:CountrySubentity>Middlesex</cbc:CountrySubentity>
		</cac:DeliveryAddress>
	</cac:Delivery>
	<cac:PaymentMeans>
		<cac:PaymentMeansCode>ZZZ</cac:PaymentMeansCode>
		<cac:PayeeFinancialAccount>
			<cac:ID>07044961</cac:ID>
			<cbc:Name>Specialist Windows pc</cbc:Name>
			<cac:AccountTypeCode>Credit</cac:AccountTypeCode>
			<cac:FinancialInstitutionBranch>
				<cac:ID>776631</cac:ID>
				<cac:FinancialInstitution>
					<cac:ID>LOYDGB852</cac:ID>
				</cac:FinancialInstitution>
			</cac:FinancialInstitutionBranch>
		</cac:PayeeFinancialAccount>
	</cac:PaymentMeans>
	<cac:PaymentTerms>
		<cbc:Note>Settlement discount may be deducted if paid by due date</cbc:Note>
		<cbc:SettlementDiscountPercent>2.5</cbc:SettlementDiscountPercent>
		<cac:SettlementPeriod>
			<cbc:StartDateTime>2003-02-25T00:00:00</cbc:StartDateTime>
			<cbc:DurationMeasure measureUnitCode="days">30</cbc:DurationMeasure>
		</cac:SettlementPeriod>
	</cac:PaymentTerms>
	<cac:AllowanceCharge>
		<cbc:ChargeIndicator>false</cbc:ChargeIndicator>
		<cac:ReasonCode codeListAgencyID="6" codeListID="UN/ECE 4465" codeListSchemeURI="urn:oasis:names:specification:ubl:schema:xsd:AllowanceChargeReasonCode-1.0" codeListAgencyName="United Nations Economic Commission for Europe" codeListName="Adjustment Reason Description" codeListURI="http://www.unece.org/trade/untdid/d03a/tred/tred4465.htm" codeListVersionID="D03A" name="Trade discount">19</cac:ReasonCode>
		<cbc:MultiplierFactorNumeric>.25</cbc:MultiplierFactorNumeric>
		<cbc:Amount amountCurrencyID="GBP">457.50</cbc:Amount>
	</cac:AllowanceCharge>
	<cac:TaxTotal>
		<cbc:TotalTaxAmount amountCurrencyCodeListVersionID="0.3" amountCurrencyID="GBP">238.45</cbc:TotalTaxAmount>
		<cac:TaxSubTotal>
			<cbc:TaxableAmount amountCurrencyCodeListVersionID="0.3" amountCurrencyID="GBP">1362.56</cbc:TaxableAmount>
			<cbc:TaxAmount amountCurrencyCodeListVersionID="0.3" amountCurrencyID="GBP">238.45</cbc:TaxAmount>
			<cac:TaxCategory>
				<cac:ID>A</cac:ID>
				<cbc:Percent>17.50</cbc:Percent>
				<cac:TaxScheme>
					<cac:TaxTypeCode>VAT</cac:TaxTypeCode>
				</cac:TaxScheme>
			</cac:TaxCategory>
		</cac:TaxSubTotal>
	</cac:TaxTotal>
	<cac:LegalTotal>
		<cbc:LineExtensionTotalAmount amountCurrencyCodeListVersionID="0.3" amountCurrencyID="GBP">1855.00</cbc:LineExtensionTotalAmount>
		<cbc:TaxExclusiveTotalAmount amountCurrencyCodeListVersionID="0.3" amountCurrencyID="GBP">1397.50</cbc:TaxExclusiveTotalAmount>
		<cbc:TaxInclusiveTotalAmount amountCurrencyCodeListVersionID="0.3" amountCurrencyID="GBP">1635.95</cbc:TaxInclusiveTotalAmount>
	</cac:LegalTotal>
	<cac:InvoiceLine>
		<cac:ID>1</cac:ID>
		<cbc:InvoicedQuantity quantityUnitCode="unit">2</cbc:InvoicedQuantity>
		<cbc:LineExtensionAmount amountCurrencyCodeListVersionID="0.3" amountCurrencyID="GBP">205.00</cbc:LineExtensionAmount>
		<cac:OrderLineReference>
			<cac:BuyersLineID>A</cac:BuyersLineID>
		</cac:OrderLineReference>
		<cac:Item>
			<cac:SellersItemIdentification>
				<cac:ID>236WV</cac:ID>
				<cac:PhysicalAttribute>
					<cac:AttributeID>wood</cac:AttributeID>
					<cac:DescriptionCode>soft</cac:DescriptionCode>
				</cac:PhysicalAttribute>
				<cac:PhysicalAttribute>
					<cac:AttributeID>finish</cac:AttributeID>
					<cac:DescriptionCode>primed</cac:DescriptionCode>
				</cac:PhysicalAttribute>
				<cac:PhysicalAttribute>
					<cac:AttributeID>fittings</cac:AttributeID>
					<cac:DescriptionCode>satin</cac:DescriptionCode>
				</cac:PhysicalAttribute>
				<cac:PhysicalAttribute>
					<cac:AttributeID>glazing</cac:AttributeID>
					<cac:DescriptionCode>single</cac:DescriptionCode>
				</cac:PhysicalAttribute>
			</cac:SellersItemIdentification>
			<cac:TaxCategory>
				<cac:ID>A</cac:ID>
				<cac:TaxScheme>
					<cac:TaxTypeCode>VAT</cac:TaxTypeCode>
				</cac:TaxScheme>
			</cac:TaxCategory>
			<cac:BasePrice>
				<cbc:PriceAmount amountCurrencyCodeListVersionID="0.3" amountCurrencyID="GBP">102.50</cbc:PriceAmount>
			</cac:BasePrice>
		</cac:Item>
	</cac:InvoiceLine>
	<cac:InvoiceLine>
		<cac:ID>2</cac:ID>
		<cbc:InvoicedQuantity quantityUnitCode="unit">3</cbc:InvoicedQuantity>
		<cbc:LineExtensionAmount amountCurrencyCodeListVersionID="0.3" amountCurrencyID="GBP">720.00</cbc:LineExtensionAmount>
		<cac:OrderLineReference>
			<cac:BuyersLineID>B</cac:BuyersLineID>
		</cac:OrderLineReference>
		<cac:Item>
			<cac:SellersItemIdentification>
				<cac:ID>340TW</cac:ID>
				<cac:PhysicalAttribute>
					<cac:AttributeID>hand</cac:AttributeID>
					<cac:DescriptionCode>RH</cac:DescriptionCode>
				</cac:PhysicalAttribute>
				<cac:PhysicalAttribute>
					<cac:AttributeID>wood</cac:AttributeID>
					<cac:DescriptionCode>hard</cac:DescriptionCode>
				</cac:PhysicalAttribute>
				<cac:PhysicalAttribute>
					<cac:AttributeID>finish</cac:AttributeID>
					<cac:DescriptionCode>stain</cac:DescriptionCode>
				</cac:PhysicalAttribute>
				<cac:PhysicalAttribute>
					<cac:AttributeID>fittings</cac:AttributeID>
					<cac:DescriptionCode>brass</cac:DescriptionCode>
				</cac:PhysicalAttribute>
				<cac:PhysicalAttribute>
					<cac:AttributeID>glazing</cac:AttributeID>
					<cac:DescriptionCode>double</cac:DescriptionCode>
				</cac:PhysicalAttribute>
			</cac:SellersItemIdentification>
			<cac:TaxCategory>
				<cac:ID>A</cac:ID>
				<cac:TaxScheme>
					<cac:TaxTypeCode>VAT</cac:TaxTypeCode>
				</cac:TaxScheme>
			</cac:TaxCategory>
			<cac:BasePrice>
				<cbc:PriceAmount amountCurrencyCodeListVersionID="0.3" amountCurrencyID="GBP">240.00</cbc:PriceAmount>
			</cac:BasePrice>
		</cac:Item>
	</cac:InvoiceLine>
	<cac:InvoiceLine>
		<cac:ID>3</cac:ID>
		<cbc:InvoicedQuantity quantityUnitCode="unit">3</cbc:InvoicedQuantity>
		<cbc:LineExtensionAmount amountCurrencyCodeListVersionID="0.3" amountCurrencyID="GBP">720.00</cbc:LineExtensionAmount>
		<cac:OrderLineReference>
			<cac:BuyersLineID>C</cac:BuyersLineID>
		</cac:OrderLineReference>
		<cac:Item>
			<cac:SellersItemIdentification>
				<cac:ID>340TW</cac:ID>
				<cac:PhysicalAttribute>
					<cac:AttributeID>hand</cac:AttributeID>
					<cac:DescriptionCode>LH</cac:DescriptionCode>
				</cac:PhysicalAttribute>
				<cac:PhysicalAttribute>
					<cac:AttributeID>wood</cac:AttributeID>
					<cac:DescriptionCode>hard</cac:DescriptionCode>
				</cac:PhysicalAttribute>
				<cac:PhysicalAttribute>
					<cac:AttributeID>finish</cac:AttributeID>
					<cac:DescriptionCode>stain</cac:DescriptionCode>
				</cac:PhysicalAttribute>
				<cac:PhysicalAttribute>
					<cac:AttributeID>fittings</cac:AttributeID>
					<cac:DescriptionCode>brass</cac:DescriptionCode>
				</cac:PhysicalAttribute>
				<cac:PhysicalAttribute>
					<cac:AttributeID>glazing</cac:AttributeID>
					<cac:DescriptionCode>double</cac:DescriptionCode>
				</cac:PhysicalAttribute>
			</cac:SellersItemIdentification>
			<cac:TaxCategory>
				<cac:ID>A</cac:ID>
				<cac:TaxScheme>
					<cac:TaxTypeCode>VAT</cac:TaxTypeCode>
				</cac:TaxScheme>
			</cac:TaxCategory>
			<cac:BasePrice>
				<cbc:PriceAmount amountCurrencyCodeListVersionID="0.3" amountCurrencyID="GBP">240.00</cbc:PriceAmount>
			</cac:BasePrice>
		</cac:Item>
	</cac:InvoiceLine>
	<cac:InvoiceLine>
		<cac:ID>4</cac:ID>
		<cbc:InvoicedQuantity quantityUnitCode="unit">1</cbc:InvoicedQuantity>
		<cbc:LineExtensionAmount amountCurrencyCodeListVersionID="0.3" amountCurrencyID="GBP">110.00</cbc:LineExtensionAmount>
		<cac:OrderLineReference>
			<cac:BuyersLineID>D</cac:BuyersLineID>
		</cac:OrderLineReference>
		<cac:Item>
			<cac:SellersItemIdentification>
				<cac:ID>FDDR15</cac:ID>
				<cac:PhysicalAttribute>
					<cac:AttributeID>hand</cac:AttributeID>
					<cac:DescriptionCode>RH</cac:DescriptionCode>
				</cac:PhysicalAttribute>
				<cac:PhysicalAttribute>
					<cac:AttributeID>wood</cac:AttributeID>
					<cac:DescriptionCode>hard</cac:DescriptionCode>
				</cac:PhysicalAttribute>
				<cac:PhysicalAttribute>
					<cac:AttributeID>finish</cac:AttributeID>
					<cac:DescriptionCode>stain</cac:DescriptionCode>
				</cac:PhysicalAttribute>
				<cac:PhysicalAttribute>
					<cac:AttributeID>fittings</cac:AttributeID>
					<cac:DescriptionCode>brass</cac:DescriptionCode>
				</cac:PhysicalAttribute>
				<cac:PhysicalAttribute>
					<cac:AttributeID>glazing</cac:AttributeID>
					<cac:DescriptionCode>safety</cac:DescriptionCode>
				</cac:PhysicalAttribute>
				<cac:MeasurementDimension>
					<cac:AttributeID>height</cac:AttributeID>
					<cbc:Measure measureUnitCode="inches">78</cbc:Measure>
					<cbc:Description>Height in inches</cbc:Description>
				</cac:MeasurementDimension>
				<cac:MeasurementDimension>
					<cac:AttributeID>width</cac:AttributeID>
					<cbc:Measure measureUnitCode="inches">33</cbc:Measure>
					<cbc:Description>Width in inches</cbc:Description>
				</cac:MeasurementDimension>
			</cac:SellersItemIdentification>
			<cac:TaxCategory>
				<cac:ID>A</cac:ID>
				<cac:TaxScheme>
					<cac:TaxTypeCode>VAT</cac:TaxTypeCode>
				</cac:TaxScheme>
			</cac:TaxCategory>
			<cac:BasePrice>
				<cbc:PriceAmount amountCurrencyCodeListVersionID="0.3" amountCurrencyID="GBP">110.00</cbc:PriceAmount>
			</cac:BasePrice>
		</cac:Item>
	</cac:InvoiceLine>
	<cac:InvoiceLine>
		<cac:ID>5</cac:ID>
		<cbc:InvoicedQuantity quantityUnitCode="feet">30</cbc:InvoicedQuantity>
		<cbc:LineExtensionAmount amountCurrencyCodeListVersionID="0.3" amountCurrencyID="GBP">75.00</cbc:LineExtensionAmount>
		<cac:OrderLineReference>
			<cac:BuyersLineID>E</cac:BuyersLineID>
		</cac:OrderLineReference>
		<cac:Item>
			<cac:SellersItemIdentification>
				<cac:ID>HW100X50</cac:ID>
				<cac:PhysicalAttribute>
					<cac:AttributeID>wood</cac:AttributeID>
					<cac:DescriptionCode>hard</cac:DescriptionCode>
				</cac:PhysicalAttribute>
				<cac:PhysicalAttribute>
					<cac:AttributeID>finish</cac:AttributeID>
					<cac:DescriptionCode>stain</cac:DescriptionCode>
				</cac:PhysicalAttribute>
				<cac:MeasurementDimension>
					<cac:AttributeID>length</cac:AttributeID>
					<cbc:Measure measureUnitCode="feet">6</cbc:Measure>
					<cbc:Description>Length in feet</cbc:Description>
				</cac:MeasurementDimension>
			</cac:SellersItemIdentification>
			<cac:TaxCategory>
				<cac:ID>A</cac:ID>
				<cac:TaxScheme>
					<cac:TaxTypeCode>VAT</cac:TaxTypeCode>
				</cac:TaxScheme>
			</cac:TaxCategory>
			<cac:BasePrice>
				<cbc:PriceAmount amountCurrencyCodeListVersionID="0.3" amountCurrencyID="GBP">2.50</cbc:PriceAmount>
			</cac:BasePrice>
		</cac:Item>
	</cac:InvoiceLine>
	<cac:InvoiceLine>
		<cac:ID>6</cac:ID>
		<cbc:InvoicedQuantity quantityUnitCode="">1</cbc:InvoicedQuantity>
		<cbc:LineExtensionAmount amountCurrencyCodeListVersionID="0.3" amountCurrencyID="GBP">25.00</cbc:LineExtensionAmount>
		<cac:Item>
			<cac:SellersItemIdentification>
				<cac:ID>Delivery</cac:ID>
			</cac:SellersItemIdentification>
			<cac:TaxCategory>
				<cac:ID>A</cac:ID>
				<cac:TaxScheme>
					<cac:TaxTypeCode>VAT</cac:TaxTypeCode>
				</cac:TaxScheme>
			</cac:TaxCategory>
			<cac:BasePrice>
				<cbc:PriceAmount amountCurrencyCodeListVersionID="0.3" amountCurrencyID="GBP">25.00</cbc:PriceAmount>
			</cac:BasePrice>
		</cac:Item>
	</cac:InvoiceLine>
</Invoice>
