<?xml version="1.0" encoding="UTF-8"?>
<DespatchAdvice xmlns:stat="urn:oasis:names:specification:ubl:schema:xsd:DocumentStatusCode-1.0" xmlns:cbc="urn:oasis:names:specification:ubl:schema:xsd:CommonBasicComponents-1.0" xmlns:cac="urn:oasis:names:specification:ubl:schema:xsd:CommonAggregateComponents-1.0" xmlns:xsi="http://www.w3.org/2001/XMLSchema-instance" xmlns="urn:oasis:names:specification:ubl:schema:xsd:DespatchAdvice-1.0" xsi:schemaLocation="urn:oasis:names:specification:ubl:schema:xsd:DespatchAdvice-1.0 ../../xsd/maindoc/UBL-DespatchAdvice-1.0.xsd">
	<ID>DEL-03/55-712</ID>
	<cbc:IssueDate>2003-02-24</cbc:IssueDate>
	<cac:OrderReference>
		<cac:BuyersID>S03-034257</cac:BuyersID>
		<cac:SellersID>SW/F1/50156</cac:SellersID>
		<cbc:IssueDate>2003-02-03</cbc:IssueDate>
	</cac:OrderReference>
	<cac:BuyerParty>
		<cac:Party>
			<cac:PartyName>
				<cbc:Name>Jerry Builder plc</cbc:Name>
			</cac:PartyName>
			<cac:Address>
				<cbc:StreetName>Marsh Lane</cbc:StreetName>
				<cbc:CityName>Nowhere</cbc:CityName>
				<cbc:PostalZone>NR18 4XX</cbc:PostalZone>
				<cbc:CountrySubentity>Norfolk</cbc:CountrySubentity>
			</cac:Address>
			<cac:Contact>
				<cbc:Name>Eva Brick</cbc:Name>
			</cac:Contact>
		</cac:Party>
	</cac:BuyerParty>
	<cac:SellerParty>
		<cac:Party>
			<cac:PartyName>
				<cbc:Name>Specialist Windows plc</cbc:Name>
			</cac:PartyName>
			<cac:Address>
				<cbc:BuildingName>Snowhill Works</cbc:BuildingName>
				<cbc:CityName>Little Snoring</cbc:CityName>
				<cbc:PostalZone>SM2 3NW</cbc:PostalZone>
				<cbc:CountrySubentity>Whereshire</cbc:CountrySubentity>
			</cac:Address>
		</cac:Party>
	</cac:SellerParty>
	<cac:Delivery>
		<cbc:ActualDeliveryDateTime>2003-02-24T00:00:00</cbc:ActualDeliveryDateTime>
		<cac:DeliveryAddress>
			<cbc:StreetName>Riverside Rd.</cbc:StreetName>
			<cbc:BuildingName>Plot 17, Whitewater Estate</cbc:BuildingName>
			<cbc:CityName>Whetstone</cbc:CityName>
			<cbc:CountrySubentity>Middlesex</cbc:CountrySubentity>
		</cac:DeliveryAddress>
	</cac:Delivery>
	<cac:DespatchLine>
		<cac:ID>A</cac:ID>
		<cbc:DeliveredQuantity quantityUnitCode="unit">2</cbc:DeliveredQuantity>
		<cac:OrderLineReference>
			<cac:BuyersLineID>A</cac:BuyersLineID>
		</cac:OrderLineReference>
		<cac:Item>
			<cac:SellersItemIdentification>
				<cac:ID>236WV</cac:ID>
				<cac:PhysicalAttribute>
					<cac:AttributeID>wood</cac:AttributeID>
					<cbc:Description>soft</cbc:Description>
				</cac:PhysicalAttribute>
				<cac:PhysicalAttribute>
					<cac:AttributeID>finish</cac:AttributeID>
					<cbc:Description>primed</cbc:Description>
				</cac:PhysicalAttribute>
				<cac:PhysicalAttribute>
					<cac:AttributeID>fittings</cac:AttributeID>
					<cbc:Description>satin</cbc:Description>
				</cac:PhysicalAttribute>
				<cac:PhysicalAttribute>
					<cac:AttributeID>glazing</cac:AttributeID>
					<cbc:Description>single</cbc:Description>
				</cac:PhysicalAttribute>
			</cac:SellersItemIdentification>
		</cac:Item>
		<cac:TransportHandlingUnit>
			<cac:ID>A</cac:ID>
		</cac:TransportHandlingUnit>
	</cac:DespatchLine>
	<cac:DespatchLine>
		<cac:ID>B</cac:ID>
		<cbc:DeliveredQuantity quantityUnitCode="unit">3</cbc:DeliveredQuantity>
		<cac:OrderLineReference>
			<cac:BuyersLineID>B</cac:BuyersLineID>
		</cac:OrderLineReference>
		<cac:Item>
			<cac:SellersItemIdentification>
				<cac:ID>340TW</cac:ID>
				<cac:PhysicalAttribute>
					<cac:AttributeID>hand</cac:AttributeID>
					<cbc:Description>RH</cbc:Description>
				</cac:PhysicalAttribute>
				<cac:PhysicalAttribute>
					<cac:AttributeID>wood</cac:AttributeID>
					<cbc:Description>hard</cbc:Description>
				</cac:PhysicalAttribute>
				<cac:PhysicalAttribute>
					<cac:AttributeID>finish</cac:AttributeID>
					<cbc:Description>stain</cbc:Description>
				</cac:PhysicalAttribute>
				<cac:PhysicalAttribute>
					<cac:AttributeID>fittings</cac:AttributeID>
					<cbc:Description>brass</cbc:Description>
				</cac:PhysicalAttribute>
				<cac:PhysicalAttribute>
					<cac:AttributeID>glazing</cac:AttributeID>
					<cbc:Description>double</cbc:Description>
				</cac:PhysicalAttribute>
			</cac:SellersItemIdentification>
		</cac:Item>
		<cac:TransportHandlingUnit>
			<cac:ID>B</cac:ID>
		</cac:TransportHandlingUnit>
	</cac:DespatchLine>
	<cac:DespatchLine>
		<cac:ID>C</cac:ID>
		<cbc:DeliveredQuantity quantityUnitCode="unit">3</cbc:DeliveredQuantity>
		<cac:OrderLineReference>
			<cac:BuyersLineID>C</cac:BuyersLineID>
		</cac:OrderLineReference>
		<cac:Item>
			<cac:SellersItemIdentification>
				<cac:ID>340TW</cac:ID>
				<cac:PhysicalAttribute>
					<cac:AttributeID>hand</cac:AttributeID>
					<cbc:Description>LH</cbc:Description>
				</cac:PhysicalAttribute>
				<cac:PhysicalAttribute>
					<cac:AttributeID>wood</cac:AttributeID>
					<cbc:Description>hard</cbc:Description>
				</cac:PhysicalAttribute>
				<cac:PhysicalAttribute>
					<cac:AttributeID>finish</cac:AttributeID>
					<cbc:Description>stain</cbc:Description>
				</cac:PhysicalAttribute>
				<cac:PhysicalAttribute>
					<cac:AttributeID>fittings</cac:AttributeID>
					<cbc:Description>brass</cbc:Description>
				</cac:PhysicalAttribute>
				<cac:PhysicalAttribute>
					<cac:AttributeID>glazing</cac:AttributeID>
					<cbc:Description>double</cbc:Description>
				</cac:PhysicalAttribute>
			</cac:SellersItemIdentification>
		</cac:Item>
		<cac:TransportHandlingUnit>
			<cac:ID>B</cac:ID>
		</cac:TransportHandlingUnit>
	</cac:DespatchLine>
	<cac:DespatchLine>
		<cac:ID>D</cac:ID>
		<cbc:DeliveredQuantity quantityUnitCode="unit">1</cbc:DeliveredQuantity>
		<cac:OrderLineReference>
			<cac:BuyersLineID>D</cac:BuyersLineID>
		</cac:OrderLineReference>
		<cac:Item>
			<cac:SellersItemIdentification>
				<cac:ID>FDDR15</cac:ID>
				<cac:PhysicalAttribute>
					<cac:AttributeID>hand</cac:AttributeID>
					<cbc:Description>RH</cbc:Description>
				</cac:PhysicalAttribute>
				<cac:PhysicalAttribute>
					<cac:AttributeID>wood</cac:AttributeID>
					<cbc:Description>hard</cbc:Description>
				</cac:PhysicalAttribute>
				<cac:PhysicalAttribute>
					<cac:AttributeID>finish</cac:AttributeID>
					<cbc:Description>stain</cbc:Description>
				</cac:PhysicalAttribute>
				<cac:PhysicalAttribute>
					<cac:AttributeID>fittings</cac:AttributeID>
					<cbc:Description>brass</cbc:Description>
				</cac:PhysicalAttribute>
				<cac:PhysicalAttribute>
					<cac:AttributeID>glazing</cac:AttributeID>
					<cbc:Description>safety</cbc:Description>
				</cac:PhysicalAttribute>
				<cac:MeasurementDimension>
					<cac:AttributeID>height</cac:AttributeID>
					<cbc:Measure measureUnitCode="inches">78</cbc:Measure>
					<cbc:Description>Height in inches</cbc:Description>
				</cac:MeasurementDimension>
				<cac:MeasurementDimension>
					<cac:AttributeID>width</cac:AttributeID>
					<cbc:Measure measureUnitCode="inches">33</cbc:Measure>
					<cbc:Description>Width in inches</cbc:Description>
				</cac:MeasurementDimension>
			</cac:SellersItemIdentification>
		</cac:Item>
		<cac:TransportHandlingUnit>
			<cac:ID>A</cac:ID>
		</cac:TransportHandlingUnit>
	</cac:DespatchLine>
	<cac:DespatchLine>
		<cac:ID>E</cac:ID>
		<cbc:DeliveredQuantity quantityUnitCode="feet">30</cbc:DeliveredQuantity>
		<cac:OrderLineReference>
			<cac:BuyersLineID>E</cac:BuyersLineID>
		</cac:OrderLineReference>
		<cac:Item>
			<cac:SellersItemIdentification>
				<cac:ID>HW100X50</cac:ID>
				<cac:PhysicalAttribute>
					<cac:AttributeID>wood</cac:AttributeID>
					<cbc:Description>hard</cbc:Description>
				</cac:PhysicalAttribute>
				<cac:PhysicalAttribute>
					<cac:AttributeID>finish</cac:AttributeID>
					<cbc:Description>stain</cbc:Description>
				</cac:PhysicalAttribute>
				<cac:MeasurementDimension>
					<cac:AttributeID>length</cac:AttributeID>
					<cbc:Measure measureUnitCode="feet">6</cbc:Measure>
					<cbc:Description>Length in Feet</cbc:Description>
				</cac:MeasurementDimension>
			</cac:SellersItemIdentification>
		</cac:Item>
		<cac:TransportHandlingUnit>
			<cac:ID>A</cac:ID>
		</cac:TransportHandlingUnit>
	</cac:DespatchLine>
</DespatchAdvice>
