<?xml version="1.0" encoding="UTF-8"?>
<OrderResponse xmlns:stat="urn:oasis:names:specification:ubl:schema:xsd:DocumentStatusCode-1.0" xmlns:cbc="urn:oasis:names:specification:ubl:schema:xsd:CommonBasicComponents-1.0" xmlns:cac="urn:oasis:names:specification:ubl:schema:xsd:CommonAggregateComponents-1.0" xmlns:cur="urn:oasis:names:specification:ubl:schema:xsd:CurrencyCode-1.0" xmlns:xsi="http://www.w3.org/2001/XMLSchema-instance" xmlns="urn:oasis:names:specification:ubl:schema:xsd:OrderResponse-1.0" xsi:schemaLocation="urn:oasis:names:specification:ubl:schema:xsd:OrderResponse-1.0 ../../xsd/maindoc/UBL-OrderResponse-1.0.xsd">
	<SellersID>SW/F1/50156</SellersID>
	<cbc:IssueDate>2003-02-03</cbc:IssueDate>
	<cac:OrderReference>
		<cac:BuyersID>S03-034257</cac:BuyersID>
		<cac:SellersID>SW/F1/50156</cac:SellersID>
		<cbc:IssueDate>2003-02-03</cbc:IssueDate>
	</cac:OrderReference>
	<cac:BuyerParty>
		<cac:Party>
			<cac:PartyName>
				<cbc:Name>Jerry Builder plc</cbc:Name>
			</cac:PartyName>
			<cac:Address>
				<cbc:StreetName>Marsh Lane</cbc:StreetName>
				<cbc:CityName>Nowhere</cbc:CityName>
				<cbc:PostalZone>NR18 4XX</cbc:PostalZone>
				<cbc:CountrySubentity>Norfolk</cbc:CountrySubentity>
			</cac:Address>
			<cac:Contact>
				<cbc:Name>Eva Brick</cbc:Name>
			</cac:Contact>
		</cac:Party>
	</cac:BuyerParty>
	<cac:SellerParty>
		<cac:Party>
			<cac:PartyName>
				<cbc:Name>Specialist Windows plc</cbc:Name>
			</cac:PartyName>
			<cac:Address>
				<cbc:BuildingName>Snowhill Works</cbc:BuildingName>
				<cbc:CityName>Little Snoring</cbc:CityName>
				<cbc:PostalZone>SM2 3NW</cbc:PostalZone>
				<cbc:CountrySubentity>Whereshire</cbc:CountrySubentity>
			</cac:Address>
		</cac:Party>
	</cac:SellerParty>
	<cac:Delivery>
		<cbc:RequestedDeliveryDateTime>2003-02-24T00:00:00</cbc:RequestedDeliveryDateTime>
		<cac:DeliveryAddress>
			<cbc:StreetName>Riverside Rd.</cbc:StreetName>
			<cbc:BuildingName>Plot 17, Whitewater Estate</cbc:BuildingName>
			<cbc:CityName>Whetstone</cbc:CityName>
			<cbc:CountrySubentity>Middlesex</cbc:CountrySubentity>
		</cac:DeliveryAddress>
	</cac:Delivery>
	<cac:AllowanceCharge>
		<cbc:ChargeIndicator>false</cbc:ChargeIndicator>
		<cac:ReasonCode codeListAgencyID="6" codeListID="UN/ECE 4465" codeListSchemeURI="urn:oasis:names:specification:ubl:schema:xsd:AllowanceChargeReasonCode-1.0" codeListAgencyName="United Nations Economic Commission for Europe" codeListName="Adjustment Reason Description" codeListURI="http://www.unece.org/trade/untdid/d03a/tred/tred4465.htm" codeListVersionID="D03A" name="Trade discount">19</cac:ReasonCode>
		<cbc:MultiplierFactorNumeric>.25</cbc:MultiplierFactorNumeric>
	</cac:AllowanceCharge>
	<RespondedOrderLine>
		<cac:LineItem>
			<cac:BuyersID>A</cac:BuyersID>
			<cbc:Quantity quantityUnitCode="unit">2</cbc:Quantity>
			<cac:Item>
				<cac:SellersItemIdentification>
					<cac:ID>236WV</cac:ID>
					<cac:PhysicalAttribute>
						<cac:AttributeID>wood</cac:AttributeID>
						<cac:DescriptionCode>soft</cac:DescriptionCode>
					</cac:PhysicalAttribute>
					<cac:PhysicalAttribute>
						<cac:AttributeID>finish</cac:AttributeID>
						<cac:DescriptionCode>primed</cac:DescriptionCode>
					</cac:PhysicalAttribute>
					<cac:PhysicalAttribute>
						<cac:AttributeID>fittings</cac:AttributeID>
						<cac:DescriptionCode>satin</cac:DescriptionCode>
					</cac:PhysicalAttribute>
					<cac:PhysicalAttribute>
						<cac:AttributeID>glazing</cac:AttributeID>
						<cac:DescriptionCode>single</cac:DescriptionCode>
					</cac:PhysicalAttribute>
				</cac:SellersItemIdentification>
				<cac:BasePrice>
					<cbc:PriceAmount amountCurrencyCodeListVersionID="0.3" amountCurrencyID="GBP">102.50</cbc:PriceAmount>
				</cac:BasePrice>
			</cac:Item>
		</cac:LineItem>
	</RespondedOrderLine>
	<RespondedOrderLine>
		<cac:LineItem>
			<cac:BuyersID>B</cac:BuyersID>
			<cbc:Quantity quantityUnitCode="unit">3</cbc:Quantity>
			<cac:Item>
				<cac:SellersItemIdentification>
					<cac:ID>340TW</cac:ID>
					<cac:PhysicalAttribute>
						<cac:AttributeID>hand</cac:AttributeID>
						<cac:DescriptionCode>RH</cac:DescriptionCode>
					</cac:PhysicalAttribute>
					<cac:PhysicalAttribute>
						<cac:AttributeID>wood</cac:AttributeID>
						<cac:DescriptionCode>hard</cac:DescriptionCode>
					</cac:PhysicalAttribute>
					<cac:PhysicalAttribute>
						<cac:AttributeID>finish</cac:AttributeID>
						<cac:DescriptionCode>stain</cac:DescriptionCode>
					</cac:PhysicalAttribute>
					<cac:PhysicalAttribute>
						<cac:AttributeID>fittings</cac:AttributeID>
						<cac:DescriptionCode>brass</cac:DescriptionCode>
					</cac:PhysicalAttribute>
					<cac:PhysicalAttribute>
						<cac:AttributeID>glazing</cac:AttributeID>
						<cac:DescriptionCode>double</cac:DescriptionCode>
					</cac:PhysicalAttribute>
				</cac:SellersItemIdentification>
				<cac:BasePrice>
					<cbc:PriceAmount amountCurrencyCodeListVersionID="0.3" amountCurrencyID="GBP">240.00</cbc:PriceAmount>
				</cac:BasePrice>
			</cac:Item>
		</cac:LineItem>
	</RespondedOrderLine>
	<RespondedOrderLine>
		<cac:LineItem>
			<cac:BuyersID>C</cac:BuyersID>
			<cbc:Quantity quantityUnitCode="unit">3</cbc:Quantity>
			<cac:Item>
				<cac:SellersItemIdentification>
					<cac:ID>340TW</cac:ID>
					<cac:PhysicalAttribute>
						<cac:AttributeID>hand</cac:AttributeID>
						<cac:DescriptionCode>LH</cac:DescriptionCode>
					</cac:PhysicalAttribute>
					<cac:PhysicalAttribute>
						<cac:AttributeID>wood</cac:AttributeID>
						<cac:DescriptionCode>hard</cac:DescriptionCode>
					</cac:PhysicalAttribute>
					<cac:PhysicalAttribute>
						<cac:AttributeID>finish</cac:AttributeID>
						<cac:DescriptionCode>stain</cac:DescriptionCode>
					</cac:PhysicalAttribute>
					<cac:PhysicalAttribute>
						<cac:AttributeID>fittings</cac:AttributeID>
						<cac:DescriptionCode>brass</cac:DescriptionCode>
					</cac:PhysicalAttribute>
					<cac:PhysicalAttribute>
						<cac:AttributeID>glazing</cac:AttributeID>
						<cac:DescriptionCode>double</cac:DescriptionCode>
					</cac:PhysicalAttribute>
				</cac:SellersItemIdentification>
				<cac:BasePrice>
					<cbc:PriceAmount amountCurrencyCodeListVersionID="0.3" amountCurrencyID="GBP">240.00</cbc:PriceAmount>
				</cac:BasePrice>
			</cac:Item>
		</cac:LineItem>
	</RespondedOrderLine>
	<RespondedOrderLine>
		<cac:LineItem>
			<cac:BuyersID>D</cac:BuyersID>
			<cbc:Quantity quantityUnitCode="unit">1</cbc:Quantity>
			<cac:Item>
				<cac:SellersItemIdentification>
					<cac:ID>FDDR15</cac:ID>
					<cac:PhysicalAttribute>
						<cac:AttributeID>hand</cac:AttributeID>
						<cac:DescriptionCode>RH</cac:DescriptionCode>
					</cac:PhysicalAttribute>
					<cac:PhysicalAttribute>
						<cac:AttributeID>wood</cac:AttributeID>
						<cac:DescriptionCode>hard</cac:DescriptionCode>
					</cac:PhysicalAttribute>
					<cac:PhysicalAttribute>
						<cac:AttributeID>finish</cac:AttributeID>
						<cac:DescriptionCode>stain</cac:DescriptionCode>
					</cac:PhysicalAttribute>
					<cac:PhysicalAttribute>
						<cac:AttributeID>fittings</cac:AttributeID>
						<cac:DescriptionCode>brass</cac:DescriptionCode>
					</cac:PhysicalAttribute>
					<cac:PhysicalAttribute>
						<cac:AttributeID>glazing</cac:AttributeID>
						<cac:DescriptionCode>safety</cac:DescriptionCode>
					</cac:PhysicalAttribute>
					<cac:MeasurementDimension>
						<cac:AttributeID>height</cac:AttributeID>
						<cbc:Measure measureUnitCode="inches">78</cbc:Measure>
						<cbc:Description>Height in inches</cbc:Description>
					</cac:MeasurementDimension>
					<cac:MeasurementDimension>
						<cac:AttributeID>width</cac:AttributeID>
						<cbc:Measure measureUnitCode="inches">33</cbc:Measure>
						<cbc:Description>Width in inches</cbc:Description>
					</cac:MeasurementDimension>
				</cac:SellersItemIdentification>
				<cac:BasePrice>
					<cbc:PriceAmount amountCurrencyCodeListVersionID="0.3" amountCurrencyID="GBP">110.00</cbc:PriceAmount>
				</cac:BasePrice>
			</cac:Item>
		</cac:LineItem>
	</RespondedOrderLine>
	<RespondedOrderLine>
		<cac:LineItem>
			<cac:BuyersID>E</cac:BuyersID>
			<cbc:Quantity quantityUnitCode="feet">30</cbc:Quantity>
			<cac:Item>
				<cac:SellersItemIdentification>
					<cac:ID>HW100X50</cac:ID>
					<cac:PhysicalAttribute>
						<cac:AttributeID>wood</cac:AttributeID>
						<cac:DescriptionCode>hard</cac:DescriptionCode>
					</cac:PhysicalAttribute>
					<cac:PhysicalAttribute>
						<cac:AttributeID>finish</cac:AttributeID>
						<cac:DescriptionCode>stain</cac:DescriptionCode>
					</cac:PhysicalAttribute>
					<cac:MeasurementDimension>
						<cac:AttributeID>length</cac:AttributeID>
						<cbc:Measure measureUnitCode="feet">6</cbc:Measure>
						<cbc:Description>Length in Feet</cbc:Description>
					</cac:MeasurementDimension>
				</cac:SellersItemIdentification>
				<cac:BasePrice>
					<cbc:PriceAmount amountCurrencyCodeListVersionID="0.3" amountCurrencyID="GBP">2.50</cbc:PriceAmount>
				</cac:BasePrice>
			</cac:Item>
		</cac:LineItem>
	</RespondedOrderLine>
	<RespondedOrderLine>
		<cac:LineItem>
			<cac:SellersID>F</cac:SellersID>
			<cac:Item>
				<cac:SellersItemIdentification>
					<cac:ID>Delivery</cac:ID>
				</cac:SellersItemIdentification>
				<cac:BasePrice>
					<cbc:PriceAmount amountCurrencyCodeListVersionID="0.3" amountCurrencyID="GBP">25.00</cbc:PriceAmount>
				</cac:BasePrice>
			</cac:Item>
		</cac:LineItem>
	</RespondedOrderLine>
</OrderResponse>
