<?xml
 version="1.0"
 encoding="utf-8"?>
<!--
  == Copyright (c) 2002-2003. All rights reserved.
  == Financial Products Markup Language is subject to the FpML public license.
  == A copy of this license is available at http://www.fpml.org/documents/license
  -->
<!-- 
  == Example 9 Simple FX Option
  ==              Trade Date      : 2001-12-04
  ==              Expiry Date     : 2002-06-04
  ==              Option Buyer    : Chase
  ==              Option Seller   : ABN Amro
  ==              European Option : 75m AUD Put on 36.9m USD @ 0.4920
  ==              Option Premium  : 36,900 USD
  ==              Business Center : New York
  ==              Cut Name        : New York
  ==              Product Type    : Delta Put FX Option executed on the Reuters/ICor Trading System
  == Notes:
  == Overides business center and product type schemes with values defined by Reuters. 
  == Uses single unique trade-id generated by Reuters STP Solution.
  == IBFXO within the tradeId represents ICor Brokerage FX Options Trading System 
  -->
<FpML
 version="4-0"
 xsi:type="DataDocument"
 xmlns:xsi="http://www.w3.org/2001/XMLSchema-instance"
 xsi:schemaLocation="http://www.fpml.org/2003/FpML-4-0 ../fpml-main-4-0.xsd"
 xmlns="http://www.fpml.org/2003/FpML-4-0"
>
  <trade>
    <tradeHeader>
      <partyTradeIdentifier>
        <partyReference
         href="CHASE" />
        <tradeId
         tradeIdScheme="http://www.markets.Reuters.com/rss/spec/2001/trade-id-2-0">IBFXO-0123456789</tradeId>
      </partyTradeIdentifier>
      <partyTradeIdentifier>
        <partyReference
         href="ABN" />
        <tradeId
         tradeIdScheme="http://www.markets.Reuters.com/rss/spec/2001/trade-id-2-0">IBFXO-0123456789</tradeId>
      </partyTradeIdentifier>
      <tradeDate>2002-01-04</tradeDate>
    </tradeHeader>
    <fxSimpleOption>
      <productType
       productTypeScheme="http://www.markets.Reuters.com/rss/spec/2001/product-type-1-0">Delta-Put-FX-Option</productType>
      <buyerPartyReference
       href="CHASE" />
      <sellerPartyReference
       href="ABN" />
      <expiryDateTime>
        <expiryDate>2002-06-04</expiryDate>
        <expiryTime>
          <hourMinuteTime>14:00:00</hourMinuteTime>
          <businessCenter
           id="primarybusinesscenter"
           businessCenterScheme=" http://www.markets.Reuters.com/rss/spec/2001/business-center-1-0">USNY</businessCenter>
        </expiryTime>
        <cutName>New York</cutName>
      </expiryDateTime>
      <exerciseStyle>European</exerciseStyle>
      <fxOptionPremium>
        <payerPartyReference
         href="CHASE" />
        <receiverPartyReference
         href="ABN" />
        <premiumAmount>
          <currency>USD</currency>
          <amount>36900</amount>
        </premiumAmount>
        <premiumSettlementDate>2001-12-06</premiumSettlementDate>
        <settlementInformation>
          <settlementInstruction>
            <correspondentInformation>
              <routingIds>
                <routingId>CHASUS33</routingId>
              </routingIds>
            </correspondentInformation>
            <beneficiary>
              <routingIds>
                <routingId>ABNANL2A</routingId>
              </routingIds>
            </beneficiary>
          </settlementInstruction>
        </settlementInformation>
        <premiumQuote>
          <premiumValue>0.001</premiumValue>
          <premiumQuoteBasis>PercentageOfCallCurrencyAmount</premiumQuoteBasis>
        </premiumQuote>
      </fxOptionPremium>
      <valueDate>2002-06-06</valueDate>
      <putCurrencyAmount>
        <currency>AUD</currency>
        <amount>75000000</amount>
      </putCurrencyAmount>
      <callCurrencyAmount>
        <currency>USD</currency>
        <amount>36900000</amount>
      </callCurrencyAmount>
      <fxStrikePrice>
        <rate>0.4920</rate>
        <strikeQuoteBasis>CallCurrencyPerPutCurrency</strikeQuoteBasis>
      </fxStrikePrice>
      <quotedAs>
        <optionOnCurrency>AUD</optionOnCurrency>
        <faceOnCurrency>USD</faceOnCurrency>
        <quotedTenor>
          <periodMultiplier>6</periodMultiplier>
          <period>M</period>
        </quotedTenor>
      </quotedAs>
    </fxSimpleOption>
  </trade>
  <party
   id="CHASE">
    <partyId>CHASUS33</partyId>
    <partyName>CHASE</partyName>
  </party>
  <party
   id="ABN">
    <partyId>ABNANL2A</partyId>
    <partyName>ABN Amro</partyName>
  </party>
</FpML>

