<?xml
 version="1.0"
 encoding="utf-8"?>
<!--
  == Copyright (c) 2002-2003. All rights reserved.
  == Financial Products Markup Language is subject to the FpML public license.
  == A copy of this license is available at http://www.fpml.org/documents/license
  -->
<!-- This example is an FX Double One Touch Digital Option
  == UBS buys a two week GBP/USD Double One Touch (implicitly American) option and pays a premium.
  == UBS receives a payout at maturity if the spot rate has crossed either trigger rates at some time during the lifetime of the option.
  -->
<FpML
 version="4-0"
 xsi:type="DataDocument"
 xmlns:xsi="http://www.w3.org/2001/XMLSchema-instance"
 xsi:schemaLocation="http://www.fpml.org/2003/FpML-4-0 ../fpml-main-4-0.xsd"
 xmlns="http://www.fpml.org/2003/FpML-4-0"
>
  <trade>
    <tradeHeader>
      <partyTradeIdentifier>
        <partyReference
         href="CITI" />
        <tradeId
         tradeIdScheme="http://www.citi.com/fx/trade-id">CITI10018</tradeId>
      </partyTradeIdentifier>
      <partyTradeIdentifier>
        <partyReference
         href="UBSW" />
        <tradeId
         tradeIdScheme="http://www.ubsw.com/fx/trade-id">UBSW20018</tradeId>
      </partyTradeIdentifier>
      <tradeDate>2001-11-12</tradeDate>
    </tradeHeader>
    <fxDigitalOption>
      <productType>Double one touch</productType>
      <buyerPartyReference
       href="UBSW" />
      <sellerPartyReference
       href="CITI" />
      <expiryDateTime>
        <expiryDate>2001-11-26</expiryDate>
        <expiryTime>
          <hourMinuteTime>14:00:00</hourMinuteTime>
          <businessCenter>GBLO</businessCenter>
        </expiryTime>
        <cutName>LONDON</cutName>
      </expiryDateTime>
      <fxOptionPremium>
        <payerPartyReference
         href="UBSW" />
        <receiverPartyReference
         href="CITI" />
        <premiumAmount>
          <currency>GBP</currency>
          <amount>78000</amount>
        </premiumAmount>
        <premiumSettlementDate>2001-11-14</premiumSettlementDate>
      </fxOptionPremium>
      <valueDate>2001-11-26</valueDate>
      <quotedCurrencyPair>
        <currency1>GBP</currency1>
        <currency2>USD</currency2>
        <quoteBasis>Currency2PerCurrency1</quoteBasis>
      </quotedCurrencyPair>
      <spotRate>1.4800</spotRate>
      <fxAmericanTrigger>
        <touchCondition>Touch</touchCondition>
        <quotedCurrencyPair>
          <currency1>GBP</currency1>
          <currency2>USD</currency2>
          <quoteBasis>Currency2PerCurrency1</quoteBasis>
        </quotedCurrencyPair>
        <triggerRate>1.5200</triggerRate>
        <informationSource>
          <rateSource>Reuters</rateSource>
          <rateSourcePage>GBP=</rateSourcePage>
        </informationSource>
        <observationStartDate>2001-11-12</observationStartDate>
        <observationEndDate>2001-11-26</observationEndDate>
      </fxAmericanTrigger>
      <fxAmericanTrigger>
        <touchCondition>Touch</touchCondition>
        <quotedCurrencyPair>
          <currency1>GBP</currency1>
          <currency2>USD</currency2>
          <quoteBasis>Currency2PerCurrency1</quoteBasis>
        </quotedCurrencyPair>
        <triggerRate>1.4600</triggerRate>
        <informationSource>
          <rateSource>Reuters</rateSource>
          <rateSourcePage>GBP=</rateSourcePage>
        </informationSource>
        <observationStartDate>2001-11-12</observationStartDate>
        <observationEndDate>2001-11-26</observationEndDate>
      </fxAmericanTrigger>
      <triggerPayout>
        <currency>GBP</currency>
        <amount>2000000</amount>
        <payoutStyle>Immediate</payoutStyle>
      </triggerPayout>
    </fxDigitalOption>
  </trade>
  <party
   id="CITI">
    <partyId>CITIUS33</partyId>
  </party>
  <party
   id="UBSW">
    <partyId>UBSWGB2L</partyId>
  </party>
</FpML>

