<?xml
 version="1.0"
 encoding="utf-8"?>
<!--
  == Copyright (c) 2002-2003. All rights reserved.
  == Financial Products Markup Language is subject to the FpML public license.
  == A copy of this license is available at http://www.fpml.org/documents/license
  -->
<FpML
 version="4-0"
 xsi:type="DataDocument"
 xmlns:xsi="http://www.w3.org/2001/XMLSchema-instance"
 xsi:schemaLocation="http://www.fpml.org/2003/FpML-4-0 ../fpml-main-4-0.xsd"
 xmlns="http://www.fpml.org/2003/FpML-4-0"
>
  <trade>
    <tradeHeader>
      <partyTradeIdentifier>
        <partyReference
         href="CHASE" />
        <tradeId
         tradeIdScheme="http://www.chase.com/fx/trade-id">CH-23948</tradeId>
      </partyTradeIdentifier>
      <partyTradeIdentifier>
        <partyReference
         href="DB" />
        <tradeId
         tradeIdScheme="http://www.db.com/fx/trade-id">DB-89080</tradeId>
      </partyTradeIdentifier>
      <tradeDate>2001-08-16</tradeDate>
    </tradeHeader>
    <fxAverageRateOption>
      <buyerPartyReference
       href="DB" />
      <sellerPartyReference
       href="CHASE" />
      <expiryDateTime>
        <expiryDate>2001-11-30</expiryDate>
        <expiryTime>
          <hourMinuteTime>12:30:00</hourMinuteTime>
          <businessCenter>MXMC</businessCenter>
        </expiryTime>
      </expiryDateTime>
      <exerciseStyle>European</exerciseStyle>
      <fxOptionPremium>
        <payerPartyReference
         href="DB" />
        <receiverPartyReference
         href="CHASE" />
        <premiumAmount>
          <currency>USD</currency>
          <amount>1750</amount>
        </premiumAmount>
        <premiumSettlementDate>2001-08-18</premiumSettlementDate>
      </fxOptionPremium>
      <valueDate>2001-12-04</valueDate>
      <putCurrencyAmount>
        <currency>MXN</currency>
        <amount>5750000</amount>
      </putCurrencyAmount>
      <callCurrencyAmount>
        <currency>USD</currency>
        <amount>585539.71</amount>
      </callCurrencyAmount>
      <fxStrikePrice>
        <rate>9.82</rate>
        <strikeQuoteBasis>PutCurrencyPerCallCurrency</strikeQuoteBasis>
      </fxStrikePrice>
      <payoutCurrency>USD</payoutCurrency>
      <averageRateQuoteBasis>PutCurrencyPerCallCurrency</averageRateQuoteBasis>
      <primaryRateSource>
        <rateSource informationProviderScheme="http://www.fpml.org/spec/2003/information-provider-extra">BNBX</rateSource>
      </primaryRateSource>
      <fixingTime>
        <hourMinuteTime>18:00:00</hourMinuteTime>
        <businessCenter>MXMC</businessCenter>
      </fixingTime>
      <averageRateObservationDate>
        <observationDate>2001-11-01</observationDate>
        <averageRateWeightingFactor>1</averageRateWeightingFactor>
      </averageRateObservationDate>
      <averageRateObservationDate>
        <observationDate>2001-11-02</observationDate>
        <averageRateWeightingFactor>1</averageRateWeightingFactor>
      </averageRateObservationDate>
      <averageRateObservationDate>
        <observationDate>2001-11-05</observationDate>
        <averageRateWeightingFactor>1</averageRateWeightingFactor>
      </averageRateObservationDate>
      <averageRateObservationDate>
        <observationDate>2001-11-06</observationDate>
        <averageRateWeightingFactor>1</averageRateWeightingFactor>
      </averageRateObservationDate>
      <averageRateObservationDate>
        <observationDate>2001-11-07</observationDate>
        <averageRateWeightingFactor>1</averageRateWeightingFactor>
      </averageRateObservationDate>
      <averageRateObservationDate>
        <observationDate>2001-11-08</observationDate>
        <averageRateWeightingFactor>1</averageRateWeightingFactor>
      </averageRateObservationDate>
      <averageRateObservationDate>
        <observationDate>2001-11-09</observationDate>
        <averageRateWeightingFactor>1</averageRateWeightingFactor>
      </averageRateObservationDate>
      <averageRateObservationDate>
        <observationDate>2001-11-13</observationDate>
        <averageRateWeightingFactor>1</averageRateWeightingFactor>
      </averageRateObservationDate>
      <averageRateObservationDate>
        <observationDate>2001-11-14</observationDate>
        <averageRateWeightingFactor>1</averageRateWeightingFactor>
      </averageRateObservationDate>
      <averageRateObservationDate>
        <observationDate>2001-11-15</observationDate>
        <averageRateWeightingFactor>1</averageRateWeightingFactor>
      </averageRateObservationDate>
      <averageRateObservationDate>
        <observationDate>2001-11-16</observationDate>
        <averageRateWeightingFactor>1</averageRateWeightingFactor>
      </averageRateObservationDate>
      <averageRateObservationDate>
        <observationDate>2001-11-19</observationDate>
        <averageRateWeightingFactor>1</averageRateWeightingFactor>
      </averageRateObservationDate>
      <averageRateObservationDate>
        <observationDate>2001-11-20</observationDate>
        <averageRateWeightingFactor>1</averageRateWeightingFactor>
      </averageRateObservationDate>
      <averageRateObservationDate>
        <observationDate>2001-11-21</observationDate>
        <averageRateWeightingFactor>1</averageRateWeightingFactor>
      </averageRateObservationDate>
      <averageRateObservationDate>
        <observationDate>2001-11-23</observationDate>
        <averageRateWeightingFactor>1</averageRateWeightingFactor>
      </averageRateObservationDate>
      <averageRateObservationDate>
        <observationDate>2001-11-26</observationDate>
        <averageRateWeightingFactor>1</averageRateWeightingFactor>
      </averageRateObservationDate>
      <averageRateObservationDate>
        <observationDate>2001-11-27</observationDate>
        <averageRateWeightingFactor>1</averageRateWeightingFactor>
      </averageRateObservationDate>
      <averageRateObservationDate>
        <observationDate>2001-11-28</observationDate>
        <averageRateWeightingFactor>1</averageRateWeightingFactor>
      </averageRateObservationDate>
      <averageRateObservationDate>
        <observationDate>2001-11-29</observationDate>
        <averageRateWeightingFactor>1</averageRateWeightingFactor>
      </averageRateObservationDate>
      <averageRateObservationDate>
        <observationDate>2001-11-30</observationDate>
        <averageRateWeightingFactor>1</averageRateWeightingFactor>
      </averageRateObservationDate>
    </fxAverageRateOption>
  </trade>
  <party
   id="CHASE">
    <partyId>CHASUS33</partyId>
  </party>
  <party
   id="DB">
    <partyId>DEUTDEFF</partyId>
  </party>
</FpML>

