<?xml
 version="1.0"
 encoding="utf-8"?>
<!--
  == Copyright (c) 2002-2003. All rights reserved.
  == Financial Products Markup Language is subject to the FpML public license.
  == A copy of this license is available at http://www.fpml.org/documents/license
  -->
<FpML
 version="4-0"
 xmlns="http://www.fpml.org/2003/FpML-4-0"
 xmlns:xsi="http://www.w3.org/2001/XMLSchema-instance"
 xsi:schemaLocation="http://www.fpml.org/2003/FpML-4-0 ../fpml-main-4-0.xsd http://www.w3.org/2000/09/xmldsig# xmldsig-core-schema.xsd"
 xsi:type="DataDocument">
 <!-- AP 2003-03-17 -->
  <trade>
    <tradeHeader>
      <partyTradeIdentifier>
        <partyReference
         href="partyA" />
        <tradeId
         tradeIdScheme="http://www.partyA.com/eqd-trade-id">1234</tradeId>
      </partyTradeIdentifier>
      <tradeDate>2000-06-28</tradeDate>
    </tradeHeader>
    <equityOption>
      <productType>europeanCallBasket</productType>
      <buyerPartyReference
       href="partyB" />
      <sellerPartyReference
       href="partyA" />
      <optionType>Call</optionType>
      <underlyer>
        <basket>
          <openUnits>1</openUnits>
          <basketConstituent>
            <equity>
              <instrumentId
               instrumentIdScheme="http://www.fpml.org/schemes/4.0/instrumentId">AHLD.NA</instrumentId>
              <description>Ahold</description>
              <currency>EUR</currency>
	      <exchangeId 
		      exchangeIdScheme="http://www.fpml.org/schemes/4.0/exchangeId">ASE</exchangeId>
            </equity>
            <constituentWeight>
              <openUnits>1</openUnits>
              <basketPercentage>0.40</basketPercentage>
            </constituentWeight>
          </basketConstituent>
          <basketConstituent>
            <equity>
              <instrumentId
               instrumentIdScheme="http://www.fpml.org/schemes/4.0/instrumentId">RD.NA</instrumentId>
              <description>Royal Dutch</description>
	      <currency>EUR</currency>
              <exchangeId exchangeIdScheme="http://www.fpml.org/schemes/4.0/exchangeId">ASE</exchangeId>
            </equity>
            <constituentWeight>
              <openUnits>1</openUnits>
              <basketPercentage>0.60</basketPercentage>
            </constituentWeight>
          </basketConstituent>
        </basket>
      </underlyer>
      <numberOfOptions>79.099093</numberOfOptions>
      <optionEntitlement>1.00</optionEntitlement>
      <equityExercise>
        <equityEuropeanExercise>
          <expirationDate>
            <adjustableDate>
              <unadjustedDate>2002-07-01</unadjustedDate>
              <dateAdjustments>
                <businessDayConvention>NONE</businessDayConvention>
              </dateAdjustments>
            </adjustableDate>
          </expirationDate>
          <equityExpirationTimeType>Close</equityExpirationTimeType>
        </equityEuropeanExercise>
        <automaticExerciseApplicable>true</automaticExerciseApplicable>
        <equityValuation>
          <valuationTimeType>Close</valuationTimeType>
        </equityValuation>
        <settlementCurrency>EUR</settlementCurrency>
        <settlementType>Cash</settlementType>
        <failureToDeliverApplicable>true</failureToDeliverApplicable>
      </equityExercise>
      <equityPremium>
        <payerPartyReference
         href="partyB" />
        <receiverPartyReference
         href="partyA" />
        <paymentAmount>
          <currency>EUR</currency>
          <amount>107821.57</amount>
        </paymentAmount>
        <paymentDate>
          <unadjustedDate>2000-07-03</unadjustedDate>
          <dateAdjustments>
            <businessDayConvention>NONE</businessDayConvention>
          </dateAdjustments>
        </paymentDate>
        <pricePerOption>1363.1202</pricePerOption>
      </equityPremium>
      <methodOfAdjustment>CalculationAgent</methodOfAdjustment>
      <extraordinaryEvents>
        <mergerEvents>
          <shareForShare>AlternativeObligation</shareForShare>
          <shareForOther>CancellationAndPayment</shareForOther>
          <shareForCombined>CancellationAndPayment</shareForCombined>
        </mergerEvents>
        <nationalisationOrInsolvency>CancellationAndPayment</nationalisationOrInsolvency>
      </extraordinaryEvents>
    </equityOption>
    <calculationAgent>
      <calculationAgentPartyReference
       href="partyA" />
    </calculationAgent>
    <documentation>
      <masterAgreement>
        <masterAgreementType>ISDA2002</masterAgreementType>
      </masterAgreement>
      <contractualDefinitions>ISDA2000</contractualDefinitions>
      <contractualDefinitions>ISDA1996Equity</contractualDefinitions>
    </documentation>
    <governingLaw>GBEN</governingLaw>
  </trade>
  <party
   id="partyA">
    <partyId>Party A</partyId>
  </party>
  <party
   id="partyB">
    <partyId>Party B</partyId>
  </party>
</FpML>

