<?xml 
	version="1.0" 
	encoding="UTF-8"?>
<!--
  == Copyright (c) 2002-2003. All rights reserved.
  == Financial Products Markup Language is subject to the FpML public license.
  == A copy of this license is available at http://www.fpml.org/documents/license
  -->
<FpML
 version="4-0"
 xmlns="http://www.fpml.org/2003/FpML-4-0"
 xmlns:xsi="http://www.w3.org/2001/XMLSchema-instance"
 xsi:schemaLocation="http://www.fpml.org/2003/FpML-4-0 ../fpml-main-4-0.xsd http://www.w3.org/2000/09/xmldsig# xmldsig-core-schema.xsd"
 xsi:type="DataDocument">
 <!-- AP 2003-03-19 -->
	<trade>
		<tradeHeader>
			<partyTradeIdentifier>
				<partyReference href="partyB"/>
				<tradeId 
				tradeIdScheme="http://www.partyA.com/eqd-trade-id">1234</tradeId>
			</partyTradeIdentifier>
			<tradeDate>2001-09-04</tradeDate>
		</tradeHeader>
		<equityOption>
			<productType>europeanCallIndex</productType>
			<buyerPartyReference href="partyB"/>
			<sellerPartyReference href="partyB"/>
			<optionType>Call</optionType>
			<underlyer>
        <singleUnderlyer>
          <index>
            <instrumentId
             instrumentIdScheme="http://www.fpml.org/schemes/4.0/instrumentId">.SSMI</instrumentId>
            <description>Swiss Market Index</description>
            <exchangeId exchangeIdScheme="http://www.fpml.org/schemes/4.0/exchangeId">NYSE</exchangeId>
          </index>
					<openUnits>1</openUnits>
        </singleUnderlyer>
      </underlyer>
			<strike>
				<strikePrice>8700</strikePrice>
			</strike>
			<numberOfOptions>2500</numberOfOptions>
			<optionEntitlement>1.00</optionEntitlement>
			<equityExercise>
				<equityEuropeanExercise>
					<expirationDate>
						<adjustableDate>
							<unadjustedDate>2003-12-19</unadjustedDate>
							<dateAdjustments>
								<businessDayConvention>NONE</businessDayConvention>
							</dateAdjustments>
						</adjustableDate>
					</expirationDate>
					<equityExpirationTimeType>OSP</equityExpirationTimeType>
				</equityEuropeanExercise>
				<automaticExerciseApplicable>true</automaticExerciseApplicable>
				<equityValuation id="valuation">
					<valuationTimeType>OSP</valuationTimeType>
				</equityValuation>
				<settlementDate>
					<relativeDate>
						<periodMultiplier>2</periodMultiplier>
						<period>D</period>
						<dayType>Business</dayType>
						<businessDayConvention>FOLLOWING</businessDayConvention>
						<businessCenters>
							<businessCenter>CHZU</businessCenter>
						</businessCenters>
						<dateRelativeTo href="valuation"/>
					</relativeDate>
				</settlementDate> 
				<settlementCurrency>CHF</settlementCurrency>
				<settlementPriceSource>OfficialClose</settlementPriceSource>
				<settlementType>Cash</settlementType>
			</equityExercise>
			<equityPremium>
				<payerPartyReference 
				href="partyB"/>
				<receiverPartyReference 
				href="partyB"/>
				<paymentAmount>
					<currency>CHF</currency>
					<amount>300000</amount>
				</paymentAmount>
				<paymentDate>
					<unadjustedDate>2001-09-06</unadjustedDate>
					<dateAdjustments>
						<businessDayConvention>NONE</businessDayConvention>
					</dateAdjustments>
				</paymentDate>
			</equityPremium>
			<methodOfAdjustment>CalculationAgent</methodOfAdjustment>
			<extraordinaryEvents>
				<mergerEvents>
					<shareForShare>AlternativeObligation</shareForShare>
					<shareForOther>CancellationAndPayment</shareForOther>
					<shareForCombined>CancellationAndPayment</shareForCombined>
				</mergerEvents>
				<nationalisationOrInsolvency>CancellationAndPayment</nationalisationOrInsolvency>
			</extraordinaryEvents>
		</equityOption>
		<calculationAgent>
			<calculationAgentPartyReference href="partyB"/>
		</calculationAgent>
		<documentation>
			<masterAgreement>
				<masterAgreementType>ISDA2002</masterAgreementType>
			</masterAgreement>
			<contractualDefinitions>ISDA2000</contractualDefinitions>
			<contractualDefinitions>ISDA1996Equity</contractualDefinitions>
		</documentation>
		<governingLaw>GBEN</governingLaw>
	</trade>
	<party id="partyA">
		<partyId>Party A</partyId>
	</party>
	<party id="partyB">
		<partyId>Party B</partyId>
	</party>
</FpML>
