<?xml version="1.0" encoding="utf-8"?>
<FpML version="4-0" xmlns="http://www.fpml.org/2003/FpML-4-0" xmlns:xsi="http://www.w3.org/2001/XMLSchema-instance" xsi:schemaLocation="http://www.fpml.org/2003/FpML-4-0 ../fpml-main-4-0.xsd" xsi:type="DataDocument">
  <trade>
    <tradeHeader>
      <partyTradeIdentifier>
        <partyReference href="partyA" />
        <tradeId tradeIdScheme="http://www.swapswire.com/spec/2001/trade-id-1-0">37209</tradeId>
      </partyTradeIdentifier>
      <partyTradeIdentifier>
        <partyReference href="partyB" />
        <tradeId tradeIdScheme="http://www.swapswire.com/spec/2001/trade-id-1-0">37209</tradeId>
      </partyTradeIdentifier>
      <tradeDate>2002-12-04</tradeDate>
    </tradeHeader>
    <creditDefaultSwap>
      <generalTerms>
        <effectiveDate>
          <unadjustedDate>2002-12-05</unadjustedDate>
          <dateAdjustments>
            <businessDayConvention>NONE</businessDayConvention>
          </dateAdjustments>
        </effectiveDate>
        <scheduledTerminationDate>
          <adjustableDate>
            <unadjustedDate>2007-12-05</unadjustedDate>
            <dateAdjustments>
              <businessDayConvention>MODFOLLOWING</businessDayConvention>
              <businessCenters>
                <businessCenter>GBLO</businessCenter>
                <businessCenter>USNY</businessCenter>
                <businessCenter>JPTO</businessCenter>
              </businessCenters>
            </dateAdjustments>
          </adjustableDate>
        </scheduledTerminationDate>
        <sellerPartyReference href="partyA" />
        <buyerPartyReference href="partyB" />
        <dateAdjustments>
          <businessDayConvention>MODFOLLOWING</businessDayConvention>
          <businessCenters>
            <businessCenter>GBLO</businessCenter>
            <businessCenter>USNY</businessCenter>
            <businessCenter>JPTO</businessCenter>
          </businessCenters>
        </dateAdjustments>
        <referenceInformation>
          <referenceEntity id="referenceEntity">
            <entityName>ACOM CO., LTD.</entityName>
            <entityId entityIdScheme="http://www.fpml.org/spec/2003/entity-id-RED-1-0">004CC9</entityId>
          </referenceEntity>
          <referenceObligation>
            <bond>
              <instrumentId instrumentIdScheme="http://www.fpml.org/spec/2002/instrument-id-ISIN-1-0">JP310860A032</instrumentId>
              <couponRate>0.0213</couponRate>
              <maturity>2007-03-08</maturity>
            </bond>
            <primaryObligorReference href="referenceEntity" />
          </referenceObligation>
          <referencePrice>1.0</referencePrice>
        </referenceInformation>
      </generalTerms>
      <feeLeg>
        <periodicPayment>
          <paymentFrequency>
            <periodMultiplier>3</periodMultiplier>
            <period>M</period>
          </paymentFrequency>
          <firstPaymentDate>2003-03-05</firstPaymentDate>
          <rollConvention>5</rollConvention>
          <fixedAmountCalculation>
            <calculationAmount>
              <currency>JPY</currency>
              <amount>500000000.0</amount>
            </calculationAmount>
            <fixedRate>0.007</fixedRate>
            <dayCountFraction>ACT/360</dayCountFraction>
          </fixedAmountCalculation>
        </periodicPayment>
      </feeLeg>
      <protectionTerms>
        <calculationAmount>
          <currency>JPY</currency>
          <amount>500000000.0</amount>
        </calculationAmount>
        <creditEvents>
          <bankruptcy />
          <failureToPay>
            <paymentRequirement>
              <currency>JPY</currency>
              <amount>100000000.0</amount>
            </paymentRequirement>
          </failureToPay>
          <restructuring>
            <restructuringType>R</restructuringType>
          </restructuring>
          <defaultRequirement>
            <currency>JPY</currency>
            <amount>1000000000.0</amount>
          </defaultRequirement>
          <creditEventNotice>
            <notifyingParty>
              <buyerPartyReference href="partyB" />
              <sellerPartyReference href="partyA" />
            </notifyingParty>
            <publiclyAvailableInformation>
              <standardPublicSources />
              <specifiedNumber>2</specifiedNumber>
            </publiclyAvailableInformation>
          </creditEventNotice>
        </creditEvents>
        <obligations>
          <category>BorrowedMoney</category>
          <notSubordinated />
        </obligations>
      </protectionTerms>
      <physicalSettlementTerms>
        <settlementCurrency>JPY</settlementCurrency>
        <physicalSettlementPeriod>
          <businessDays>30</businessDays>
        </physicalSettlementPeriod>
        <deliverableObligations>
          <accruedInterest>false</accruedInterest>
          <category>BondOrLoan</category>
          <notSubordinated />
          <specifiedCurrency />
          <notContingent />
          <assignableLoan />
          <consentRequiredLoan />
          <transferable />
          <maximumMaturity>
            <periodMultiplier>30</periodMultiplier>
            <period>Y</period>
          </maximumMaturity>
          <notBearer />
        </deliverableObligations>
        <escrow>true</escrow>
      </physicalSettlementTerms>
    </creditDefaultSwap>
    <calculationAgent>
      <calculationAgentPartyReference href="partyA" />
    </calculationAgent>
    <calculationAgentBusinessCenter>GBLO</calculationAgentBusinessCenter>
    <documentation>
      <masterAgreement>
        <masterAgreementType>ISDA1992</masterAgreementType>
      </masterAgreement>
      <contractualDefinitions>ISDA1999Credit</contractualDefinitions>
      <contractualSupplement>ISDA1999CreditSuccessorAndCreditEvents</contractualSupplement>
      <contractualSupplement>ISDA1999CreditConvertibleExchangeableAccretingObligations</contractualSupplement>
    </documentation>
  </trade>
  <party id="partyA">
    <partyId>XYZBICXXX</partyId>
    <partyName>XYZ Bank</partyName>
  </party>
  <party id="partyB">
    <partyId>ABCBICXXX</partyId>
    <partyName>ABC Bank</partyName>
  </party>
</FpML>

