<?xml version="1.0" encoding="UTF-8"?>
<Invoice xmlns:cbc="urn:oasis:names:specification:ubl:schema:xsd:CommonBasicComponents-1.0" xmlns:cac="urn:oasis:names:specification:ubl:schema:xsd:CommonAggregateComponents-1.0" xmlns:cur="urn:oasis:names:specification:ubl:schema:xsd:CurrencyCode-1.0" xmlns:xsi="http://www.w3.org/2001/XMLSchema-instance" xmlns="urn:oasis:names:specification:ubl:schema:xsd:Invoice-1.0" xsi:schemaLocation="urn:oasis:names:specification:ubl:schema:xsd:Invoice-1.0 ../../xsd/maindoc/UBL-Invoice-1.0.xsd">
	<ID>9834562</ID>
	<cbc:IssueDate>2003-03-14</cbc:IssueDate>
	<TaxPointDate>2003-03-14</TaxPointDate>
	<cac:OrderReference>
		<cac:BuyersID>20031234-1</cac:BuyersID>
		<cac:SellersID>154135798</cac:SellersID>
		<cbc:IssueDate>2003-02-02</cbc:IssueDate>
	</cac:OrderReference>
	<cac:BuyerParty>
		<cac:Party>
			<cac:PartyName>
				<cbc:Name>Bills Microdevices</cbc:Name>
			</cac:PartyName>
			<cac:Address>
				<cbc:StreetName>Spring St.</cbc:StreetName>
				<cbc:BuildingNumber>413</cbc:BuildingNumber>
				<cbc:CityName>Elgin</cbc:CityName>
				<cbc:PostalZone>60123</cbc:PostalZone>
				<cac:CountrySubentityCode>IL</cac:CountrySubentityCode>
			</cac:Address>
		</cac:Party>
	</cac:BuyerParty>
	<cac:SellerParty>
		<cac:Party>
			<cac:PartyName>
				<cbc:Name>Joes Office Supply</cbc:Name>
			</cac:PartyName>
			<cac:Address>
				<cbc:StreetName>Lakeshore Dr</cbc:StreetName>
				<cbc:BuildingNumber>32 W.</cbc:BuildingNumber>
				<cbc:CityName>Chicago</cbc:CityName>
				<cbc:PostalZone>60022</cbc:PostalZone>
				<cac:CountrySubentityCode>IL</cac:CountrySubentityCode>
			</cac:Address>
		</cac:Party>
		<cac:AccountsContact>
			<cbc:Name>Melanie Farber</cbc:Name>
			<cbc:Telephone>(312) 865-2199</cbc:Telephone>
		</cac:AccountsContact>
	</cac:SellerParty>
	<cac:Delivery>
		<cbc:RequestedDeliveryDateTime>2003-02-14T14:00:00</cbc:RequestedDeliveryDateTime>
		<cac:DeliveryAddress>
			<cbc:StreetName>Spring St</cbc:StreetName>
			<cbc:BuildingNumber>413 N</cbc:BuildingNumber>
			<cbc:CityName>Elgin</cbc:CityName>
			<cbc:PostalZone>60123</cbc:PostalZone>
			<cac:CountrySubentityCode>IL</cac:CountrySubentityCode>
		</cac:DeliveryAddress>
	</cac:Delivery>
	<cac:PaymentTerms>
		<cbc:Note>Terms:  All payments due within 30 days of Invoice Date.  </cbc:Note>
		<cac:ReferenceEventCode>!</cac:ReferenceEventCode>
	</cac:PaymentTerms>
	<cac:TaxTotal>
		<cbc:TotalTaxAmount amountCurrencyCodeListVersionID="0.3" amountCurrencyID="USD">47.95</cbc:TotalTaxAmount>
		<cac:TaxSubTotal>
			<cbc:TaxableAmount amountCurrencyCodeListVersionID="0.3" amountCurrencyID="USD">479.50</cbc:TaxableAmount>
			<cbc:TaxAmount amountCurrencyCodeListVersionID="0.3" amountCurrencyID="USD">47.95</cbc:TaxAmount>
			<cac:TaxCategory>
				<cac:ID>STD</cac:ID>
				<cbc:Percent>10.0</cbc:Percent>
				<cac:TaxScheme>
					<cac:TaxTypeCode>VAT</cac:TaxTypeCode>
				</cac:TaxScheme>
			</cac:TaxCategory>
		</cac:TaxSubTotal>
	</cac:TaxTotal>
	<cac:LegalTotal>
		<cbc:LineExtensionTotalAmount amountCurrencyCodeListVersionID="0.3" amountCurrencyID="USD">479.50</cbc:LineExtensionTotalAmount>
		<cbc:TaxExclusiveTotalAmount amountCurrencyCodeListVersionID="0.3" amountCurrencyID="USD">479.50</cbc:TaxExclusiveTotalAmount>
		<cbc:TaxInclusiveTotalAmount amountCurrencyCodeListVersionID="0.3" amountCurrencyID="USD">527.45</cbc:TaxInclusiveTotalAmount>
	</cac:LegalTotal>
	<cac:InvoiceLine>
		<cac:ID>1</cac:ID>
		<cbc:InvoicedQuantity quantityUnitCode="PKG">5</cbc:InvoicedQuantity>
		<cbc:LineExtensionAmount amountCurrencyCodeListVersionID="0.3" amountCurrencyID="USD">12.50</cbc:LineExtensionAmount>
		<cac:OrderLineReference>
			<cac:BuyersLineID>1</cac:BuyersLineID>
		</cac:OrderLineReference>
		<cac:Item>
			<cbc:Description>Pencils, box #2 red</cbc:Description>
			<cac:BuyersItemIdentification>
				<cac:ID>1</cac:ID>
			</cac:BuyersItemIdentification>
			<cac:SellersItemIdentification>
				<cac:ID>32145-12</cac:ID>
			</cac:SellersItemIdentification>
			<cac:BasePrice>
				<cbc:PriceAmount amountCurrencyCodeListVersionID="0.3" amountCurrencyID="USD">2.50</cbc:PriceAmount>
			</cac:BasePrice>
		</cac:Item>
	</cac:InvoiceLine>
	<cac:InvoiceLine>
		<cac:ID>2</cac:ID>
		<cbc:InvoicedQuantity quantityUnitCode="PKG">12</cbc:InvoicedQuantity>
		<cbc:LineExtensionAmount amountCurrencyCodeListVersionID="0.3" amountCurrencyID="USD">360.00</cbc:LineExtensionAmount>
		<cac:OrderLineReference>
			<cac:BuyersLineID>2</cac:BuyersLineID>
		</cac:OrderLineReference>
		<cac:Item>
			<cbc:Description>Photocopy Paper- case</cbc:Description>
			<cac:BuyersItemIdentification>
				<cac:ID>2</cac:ID>
			</cac:BuyersItemIdentification>
			<cac:SellersItemIdentification>
				<cac:ID>78-697-24</cac:ID>
			</cac:SellersItemIdentification>
			<cac:BasePrice>
				<cbc:PriceAmount amountCurrencyCodeListVersionID="0.3" amountCurrencyID="USD">30.00</cbc:PriceAmount>
			</cac:BasePrice>
		</cac:Item>
	</cac:InvoiceLine>
	<cac:InvoiceLine>
		<cac:ID>3</cac:ID>
		<cbc:InvoicedQuantity quantityUnitCode="CTN">10</cbc:InvoicedQuantity>
		<cbc:LineExtensionAmount amountCurrencyCodeListVersionID="0.3" amountCurrencyID="USD">50.00</cbc:LineExtensionAmount>
		<cac:OrderLineReference>
			<cac:BuyersLineID>3</cac:BuyersLineID>
		</cac:OrderLineReference>
		<cac:Item>
			<cbc:Description>Pens, box, blue finepoint</cbc:Description>
			<cac:BuyersItemIdentification>
				<cac:ID>3</cac:ID>
			</cac:BuyersItemIdentification>
			<cac:SellersItemIdentification>
				<cac:ID>091356-3</cac:ID>
			</cac:SellersItemIdentification>
			<cac:BasePrice>
				<cbc:PriceAmount amountCurrencyCodeListVersionID="0.3" amountCurrencyID="USD">5.00</cbc:PriceAmount>
			</cac:BasePrice>
		</cac:Item>
	</cac:InvoiceLine>
	<cac:InvoiceLine>
		<cac:ID>4</cac:ID>
		<cbc:InvoicedQuantity quantityUnitCode="CTN">3</cbc:InvoicedQuantity>
		<cbc:LineExtensionAmount amountCurrencyCodeListVersionID="0.3" amountCurrencyID="USD">37.50</cbc:LineExtensionAmount>
		<cac:OrderLineReference>
			<cac:BuyersLineID>4</cac:BuyersLineID>
		</cac:OrderLineReference>
		<cac:Item>
			<cbc:Description>Tape, 1in caset</cbc:Description>
			<cac:BuyersItemIdentification>
				<cac:ID>4</cac:ID>
			</cac:BuyersItemIdentification>
			<cac:SellersItemIdentification>
				<cac:ID>543-165-1</cac:ID>
			</cac:SellersItemIdentification>
			<cac:BasePrice>
				<cbc:PriceAmount amountCurrencyCodeListVersionID="0.3" amountCurrencyID="USD">12.50</cbc:PriceAmount>
			</cac:BasePrice>
		</cac:Item>
	</cac:InvoiceLine>
	<cac:InvoiceLine>
		<cac:ID>5</cac:ID>
		<cbc:InvoicedQuantity quantityUnitCode="CTN">10</cbc:InvoicedQuantity>
		<cbc:LineExtensionAmount amountCurrencyCodeListVersionID="0.3" amountCurrencyID="USD">10.00</cbc:LineExtensionAmount>
		<cac:OrderLineReference>
			<cac:BuyersLineID>5</cac:BuyersLineID>
		</cac:OrderLineReference>
		<cac:Item>
			<cbc:Description>Staples, wire, box</cbc:Description>
			<cac:BuyersItemIdentification>
				<cac:ID>5</cac:ID>
			</cac:BuyersItemIdentification>
			<cac:SellersItemIdentification>
				<cac:ID>984567-12</cac:ID>
			</cac:SellersItemIdentification>
			<cac:BasePrice>
				<cbc:PriceAmount amountCurrencyCodeListVersionID="0.3" amountCurrencyID="USD">1.00</cbc:PriceAmount>
			</cac:BasePrice>
		</cac:Item>
	</cac:InvoiceLine>
	<cac:InvoiceLine>
		<cac:ID>6</cac:ID>
		<cbc:InvoicedQuantity quantityUnitCode="PKG">5</cbc:InvoicedQuantity>
		<cbc:LineExtensionAmount amountCurrencyCodeListVersionID="0.3" amountCurrencyID="USD">4.50</cbc:LineExtensionAmount>
		<cac:OrderLineReference>
			<cac:BuyersLineID>6</cac:BuyersLineID>
		</cac:OrderLineReference>
		<cac:Item>
			<cbc:Description>Pens, box red felt tip </cbc:Description>
			<cac:BuyersItemIdentification>
				<cac:ID>6</cac:ID>
			</cac:BuyersItemIdentification>
			<cac:SellersItemIdentification>
				<cac:ID>091344-5</cac:ID>
			</cac:SellersItemIdentification>
			<cac:BasePrice>
				<cbc:PriceAmount amountCurrencyCodeListVersionID="0.3" amountCurrencyID="USD">22.50</cbc:PriceAmount>
			</cac:BasePrice>
		</cac:Item>
	</cac:InvoiceLine>
	<cac:InvoiceLine>
		<cac:ID>7</cac:ID>
		<cbc:InvoicedQuantity quantityUnitCode="UNIT">10</cbc:InvoicedQuantity>
		<cbc:LineExtensionAmount amountCurrencyCodeListVersionID="0.3" amountCurrencyID="USD">5.00</cbc:LineExtensionAmount>
		<cac:OrderLineReference>
			<cac:BuyersLineID>7</cac:BuyersLineID>
		</cac:OrderLineReference>
		<cac:Item>
			<cbc:Description>Mousepad, blue</cbc:Description>
			<cac:BuyersItemIdentification>
				<cac:ID>7</cac:ID>
			</cac:BuyersItemIdentification>
			<cac:SellersItemIdentification>
				<cac:ID>21457-3</cac:ID>
			</cac:SellersItemIdentification>
			<cac:BasePrice>
				<cbc:PriceAmount amountCurrencyCodeListVersionID="0.3" amountCurrencyID="USD">.50</cbc:PriceAmount>
			</cac:BasePrice>
		</cac:Item>
	</cac:InvoiceLine>
</Invoice>
