<?xml version="1.0" encoding="UTF-8"?>
<ReceiptAdvice xmlns:stat="urn:oasis:names:specification:ubl:schema:xsd:DocumentStatusCode-1.0" xmlns:cbc="urn:oasis:names:specification:ubl:schema:xsd:CommonBasicComponents-1.0" xmlns:cac="urn:oasis:names:specification:ubl:schema:xsd:CommonAggregateComponents-1.0" xmlns:xsi="http://www.w3.org/2001/XMLSchema-instance" xmlns="urn:oasis:names:specification:ubl:schema:xsd:ReceiptAdvice-1.0" xsi:schemaLocation="urn:oasis:names:specification:ubl:schema:xsd:ReceiptAdvice-1.0 ../../xsd/maindoc/UBL-ReceiptAdvice-1.0.xsd">
	<ID>GT54637</ID>
	<cbc:IssueDate>2003-02-14</cbc:IssueDate>
	<cbc:Note>Missing 2 mouse pads (21457-3)</cbc:Note>
	<cac:OrderReference>
		<cac:BuyersID>20031234-1</cac:BuyersID>
		<cac:SellersID>154135798</cac:SellersID>
		<cbc:IssueDate>2003-02-14</cbc:IssueDate>
	</cac:OrderReference>
	<DespatchDocumentReference>
		<cac:ID>99-99-000</cac:ID>
		<cbc:IssueDate>2003-02-14</cbc:IssueDate>
	</DespatchDocumentReference>
	<cac:BuyerParty>
		<cac:Party>
			<cac:PartyName>
				<cbc:Name>Bills Microdevices</cbc:Name>
			</cac:PartyName>
			<cac:Address>
				<cbc:StreetName>Spring St.</cbc:StreetName>
				<cbc:BuildingNumber>413</cbc:BuildingNumber>
				<cbc:CityName>Elgin</cbc:CityName>
				<cbc:PostalZone>60123</cbc:PostalZone>
				<cac:CountrySubentityCode>IL</cac:CountrySubentityCode>
			</cac:Address>
		</cac:Party>
	</cac:BuyerParty>
	<cac:SellerParty>
		<cac:Party>
			<cac:PartyName>
				<cbc:Name>Joes Office Supply</cbc:Name>
			</cac:PartyName>
			<cac:Address>
				<cbc:StreetName>Lakeshore Dr</cbc:StreetName>
				<cbc:BuildingNumber>32 W.</cbc:BuildingNumber>
				<cbc:CityName>Chicago</cbc:CityName>
				<cbc:PostalZone>60022</cbc:PostalZone>
				<cac:CountrySubentityCode>IL</cac:CountrySubentityCode>
			</cac:Address>
		</cac:Party>
		<cac:ShippingContact>
			<cbc:Name>Nick Danger</cbc:Name>
			<cbc:Telephone>(312) 865-2194</cbc:Telephone>
		</cac:ShippingContact>
	</cac:SellerParty>
	<cac:Delivery>
		<cbc:ActualDeliveryDateTime>2003-02-14T00:00:00</cbc:ActualDeliveryDateTime>
		<cac:DeliveryAddress>
			<cbc:StreetName>Spring St. </cbc:StreetName>
			<cbc:BuildingNumber>415 N</cbc:BuildingNumber>
			<cbc:CityName>Elgin</cbc:CityName>
			<cbc:PostalZone>60123</cbc:PostalZone>
			<cac:CountrySubentityCode>IL</cac:CountrySubentityCode>
		</cac:DeliveryAddress>
	</cac:Delivery>
	<cac:ReceiptLine>
		<cac:ID>1</cac:ID>
		<cbc:ReceivedQuantity quantityUnitCode="PKG">5</cbc:ReceivedQuantity>
		<cac:OrderedItemIdentification>
			<cac:ID>32145-12</cac:ID>
		</cac:OrderedItemIdentification>
	</cac:ReceiptLine>
	<cac:ReceiptLine>
		<cac:ID>2</cac:ID>
		<cbc:ReceivedQuantity quantityUnitCode="PKG">12</cbc:ReceivedQuantity>
		<cac:OrderedItemIdentification>
			<cac:ID>78-697-24</cac:ID>
		</cac:OrderedItemIdentification>
	</cac:ReceiptLine>
	<cac:ReceiptLine>
		<cac:ID>3</cac:ID>
		<cbc:ReceivedQuantity quantityUnitCode="CTN">10</cbc:ReceivedQuantity>
		<cac:OrderedItemIdentification>
			<cac:ID>091356-3</cac:ID>
		</cac:OrderedItemIdentification>
	</cac:ReceiptLine>
	<cac:ReceiptLine>
		<cac:ID>4</cac:ID>
		<cbc:ReceivedQuantity quantityUnitCode="CTN">3</cbc:ReceivedQuantity>
		<cac:OrderedItemIdentification>
			<cac:ID>543-165-1</cac:ID>
		</cac:OrderedItemIdentification>
	</cac:ReceiptLine>
	<cac:ReceiptLine>
		<cac:ID>5</cac:ID>
		<cbc:ReceivedQuantity quantityUnitCode="CTN">10</cbc:ReceivedQuantity>
		<cac:OrderedItemIdentification>
			<cac:ID>984567-12</cac:ID>
		</cac:OrderedItemIdentification>
	</cac:ReceiptLine>
	<cac:ReceiptLine>
		<cac:ID>6</cac:ID>
		<cbc:ReceivedQuantity quantityUnitCode="PKG">5</cbc:ReceivedQuantity>
		<cac:OrderedItemIdentification>
			<cac:ID>091344-5</cac:ID>
		</cac:OrderedItemIdentification>
	</cac:ReceiptLine>
	<cac:ReceiptLine>
		<cac:ID>7</cac:ID>
		<cbc:ReceivedQuantity quantityUnitCode="UNIT">12</cbc:ReceivedQuantity>
		<cbc:ShortQuantity quantityUnitCode="UNIT">2</cbc:ShortQuantity>
		<cac:OrderedItemIdentification>
			<cac:ID>21457-3</cac:ID>
		</cac:OrderedItemIdentification>
	</cac:ReceiptLine>
</ReceiptAdvice>
