<?xml version="1.0" encoding="UTF-8"?>
<DespatchAdvice xmlns:stat="urn:oasis:names:specification:ubl:schema:xsd:DocumentStatusCode-1.0" xmlns:cbc="urn:oasis:names:specification:ubl:schema:xsd:CommonBasicComponents-1.0" xmlns:cac="urn:oasis:names:specification:ubl:schema:xsd:CommonAggregateComponents-1.0" xmlns:xsi="http://www.w3.org/2001/XMLSchema-instance" xmlns="urn:oasis:names:specification:ubl:schema:xsd:DespatchAdvice-1.0" xsi:schemaLocation="urn:oasis:names:specification:ubl:schema:xsd:DespatchAdvice-1.0 ../../xsd/maindoc/UBL-DespatchAdvice-1.0.xsd">
	<ID>8769583</ID>
	<cbc:IssueDate>2003-02-14</cbc:IssueDate>
	<cac:OrderReference>
		<cac:BuyersID>20031234-1</cac:BuyersID>
		<cac:SellersID>154135798</cac:SellersID>
		<cbc:IssueDate>2003-02-02</cbc:IssueDate>
	</cac:OrderReference>
	<cac:BuyerParty>
		<cac:Party>
			<cac:PartyName>
				<cbc:Name>Bills Microdevices</cbc:Name>
			</cac:PartyName>
			<cac:Address>
				<cbc:StreetName>Spring St.</cbc:StreetName>
				<cbc:BuildingNumber>413</cbc:BuildingNumber>
				<cbc:CityName>Elgin</cbc:CityName>
				<cbc:PostalZone>60123</cbc:PostalZone>
				<cac:CountrySubentityCode>IL</cac:CountrySubentityCode>
			</cac:Address>
		</cac:Party>
	</cac:BuyerParty>
	<cac:SellerParty>
		<cac:Party>
			<cac:PartyName>
				<cbc:Name>Joes Office Supply</cbc:Name>
			</cac:PartyName>
			<cac:Address>
				<cbc:StreetName>Lakeshore Dr</cbc:StreetName>
				<cbc:BuildingNumber>32 W.</cbc:BuildingNumber>
				<cbc:CityName>Chicago</cbc:CityName>
				<cbc:PostalZone>60022</cbc:PostalZone>
				<cac:CountrySubentityCode>IL</cac:CountrySubentityCode>
			</cac:Address>
		</cac:Party>
		<cac:ShippingContact>
			<cbc:Name>Nick Danger</cbc:Name>
			<cbc:Telephone>(312) 865-2194</cbc:Telephone>
		</cac:ShippingContact>
	</cac:SellerParty>
	<cac:Delivery>
		<cbc:ActualDeliveryDateTime>2003-02-14T13:30:00</cbc:ActualDeliveryDateTime>
		<cac:DeliveryAddress>
			<cbc:StreetName>Spring St. </cbc:StreetName>
			<cbc:BuildingNumber>415 N</cbc:BuildingNumber>
			<cbc:CityName>Elgin</cbc:CityName>
			<cbc:PostalZone>60123</cbc:PostalZone>
			<cac:CountrySubentityCode>IL</cac:CountrySubentityCode>
		</cac:DeliveryAddress>
	</cac:Delivery>
	<cac:DespatchLine>
		<cac:ID>1</cac:ID>
		<cbc:DeliveredQuantity quantityUnitCode="PKG">5</cbc:DeliveredQuantity>
		<cac:OrderLineReference>
			<cac:BuyersLineID>1</cac:BuyersLineID>
		</cac:OrderLineReference>
		<cac:Item>
			<cbc:Description>Pencils, box #2 red</cbc:Description>
			<cac:SellersItemIdentification>
				<cac:ID>32145-12</cac:ID>
			</cac:SellersItemIdentification>
			<cac:BasePrice>
				<cbc:PriceAmount amountCurrencyCodeListVersionID="0.3" amountCurrencyID="USD">2.50</cbc:PriceAmount>
			</cac:BasePrice>
		</cac:Item>
	</cac:DespatchLine>
	<cac:DespatchLine>
		<cac:ID>2</cac:ID>
		<cbc:DeliveredQuantity quantityUnitCode="PKG">12</cbc:DeliveredQuantity>
		<cac:OrderLineReference>
			<cac:BuyersLineID>2</cac:BuyersLineID>
		</cac:OrderLineReference>
		<cac:Item>
			<cbc:Description>Photocopy Paper- case</cbc:Description>
			<cac:SellersItemIdentification>
				<cac:ID>78-697-24</cac:ID>
			</cac:SellersItemIdentification>
			<cac:BasePrice>
				<cbc:PriceAmount amountCurrencyCodeListVersionID="0.3" amountCurrencyID="USD">30.00</cbc:PriceAmount>
			</cac:BasePrice>
		</cac:Item>
	</cac:DespatchLine>
	<cac:DespatchLine>
		<cac:ID>3</cac:ID>
		<cbc:DeliveredQuantity quantityUnitCode="CTN">10</cbc:DeliveredQuantity>
		<cac:OrderLineReference>
			<cac:BuyersLineID>3</cac:BuyersLineID>
		</cac:OrderLineReference>
		<cac:Item>
			<cbc:Description>Pens, box, blue finepoint</cbc:Description>
			<cac:SellersItemIdentification>
				<cac:ID>091356-3</cac:ID>
			</cac:SellersItemIdentification>
			<cac:BasePrice>
				<cbc:PriceAmount amountCurrencyCodeListVersionID="0.3" amountCurrencyID="USD">5.00</cbc:PriceAmount>
			</cac:BasePrice>
		</cac:Item>
	</cac:DespatchLine>
	<cac:DespatchLine>
		<cac:ID>4</cac:ID>
		<cbc:DeliveredQuantity quantityUnitCode="CTN">3</cbc:DeliveredQuantity>
		<cac:OrderLineReference>
			<cac:BuyersLineID>4</cac:BuyersLineID>
		</cac:OrderLineReference>
		<cac:Item>
			<cbc:Description>Tape, 1in case</cbc:Description>
			<cac:SellersItemIdentification>
				<cac:ID>543-165-1</cac:ID>
			</cac:SellersItemIdentification>
			<cac:BasePrice>
				<cbc:PriceAmount amountCurrencyCodeListVersionID="0.3" amountCurrencyID="USD">12.50</cbc:PriceAmount>
			</cac:BasePrice>
		</cac:Item>
	</cac:DespatchLine>
	<cac:DespatchLine>
		<cac:ID>5</cac:ID>
		<cbc:DeliveredQuantity quantityUnitCode="CTN">10</cbc:DeliveredQuantity>
		<cac:OrderLineReference>
			<cac:BuyersLineID>5</cac:BuyersLineID>
		</cac:OrderLineReference>
		<cac:Item>
			<cbc:Description>Staples, wire, box</cbc:Description>
			<cac:SellersItemIdentification>
				<cac:ID>984567-12</cac:ID>
			</cac:SellersItemIdentification>
			<cac:BasePrice>
				<cbc:PriceAmount amountCurrencyCodeListVersionID="0.3" amountCurrencyID="USD">1.00</cbc:PriceAmount>
			</cac:BasePrice>
		</cac:Item>
	</cac:DespatchLine>
	<cac:DespatchLine>
		<cac:ID>6</cac:ID>
		<cbc:DeliveredQuantity quantityUnitCode="PKG">5</cbc:DeliveredQuantity>
		<cac:OrderLineReference>
			<cac:BuyersLineID>6</cac:BuyersLineID>
		</cac:OrderLineReference>
		<cac:Item>
			<cbc:Description>Pens, box red felt tip </cbc:Description>
			<cac:SellersItemIdentification>
				<cac:ID>091344-5</cac:ID>
			</cac:SellersItemIdentification>
			<cac:BasePrice>
				<cbc:PriceAmount amountCurrencyCodeListVersionID="0.3" amountCurrencyID="USD">5.00</cbc:PriceAmount>
			</cac:BasePrice>
		</cac:Item>
	</cac:DespatchLine>
	<cac:DespatchLine>
		<cac:ID>7</cac:ID>
		<cbc:DeliveredQuantity quantityUnitCode="UNIT">12</cbc:DeliveredQuantity>
		<cac:OrderLineReference>
			<cac:BuyersLineID>7</cac:BuyersLineID>
		</cac:OrderLineReference>
		<cac:Item>
			<cbc:Description>Mousepad, blue</cbc:Description>
			<cac:SellersItemIdentification>
				<cac:ID>21457-3</cac:ID>
			</cac:SellersItemIdentification>
			<cac:BasePrice>
				<cbc:PriceAmount amountCurrencyCodeListVersionID="0.3" amountCurrencyID="USD">.50</cbc:PriceAmount>
			</cac:BasePrice>
		</cac:Item>
	</cac:DespatchLine>
</DespatchAdvice>
