<?xml version="1.0" encoding="UTF-8"?>
<OrderResponseSimple xmlns:stat="urn:oasis:names:specification:ubl:schema:xsd:DocumentStatusCode-1.0" xmlns:cbc="urn:oasis:names:specification:ubl:schema:xsd:CommonBasicComponents-1.0" xmlns:cac="urn:oasis:names:specification:ubl:schema:xsd:CommonAggregateComponents-1.0" xmlns:xsi="http://www.w3.org/2001/XMLSchema-instance" xmlns="urn:oasis:names:specification:ubl:schema:xsd:OrderResponseSimple-1.0" xsi:schemaLocation="urn:oasis:names:specification:ubl:schema:xsd:OrderResponseSimple-1.0 ../../xsd/maindoc/UBL-OrderResponseSimple-1.0.xsd">
	<ID>1</ID>
	<cbc:IssueDate>2003-02-03</cbc:IssueDate>
	<AcceptedIndicator>true</AcceptedIndicator>
	<cac:OrderReference>
		<cac:BuyersID>20031234-1</cac:BuyersID>
		<cac:SellersID>154135798</cac:SellersID>
		<cbc:IssueDate>2003-01-23</cbc:IssueDate>
	</cac:OrderReference>
	<cac:BuyerParty>
		<cac:Party>
			<cac:PartyName>
				<cbc:Name>Bills Microdevices</cbc:Name>
			</cac:PartyName>
		</cac:Party>
	</cac:BuyerParty>
	<cac:SellerParty>
		<cac:Party>
			<cac:PartyName>
				<cbc:Name>Joes Office Supply</cbc:Name>
			</cac:PartyName>
		</cac:Party>
		<cac:OrderContact>
			<cbc:Name>Betty Jo Beoloski</cbc:Name>
		</cac:OrderContact>
	</cac:SellerParty>
</OrderResponseSimple>
