<refentry id="pent.isobox">
<?dbhtml filename="iso-box.html"?>

<refmeta>
<indexterm>
  <primary><acronym>ISO</acronym> Entity Sets</primary><secondary>Box and Line Drawing</secondary>
</indexterm>
<indexterm>
  <primary>%isobox;</primary><see><acronym>ISO</acronym> Entity Sets, Box and Line Drawing</see>
</indexterm>

<refentrytitle>Box and Line Drawing Character Entities (%isobox;)</refentrytitle>

</refmeta>

<refnamediv>
<refname>%isobox;</refname>
<refpurpose>Box and Line Drawing Character Entities
</refpurpose>
</refnamediv>

<refsynopsisdiv>
<para>
The <literal>%isobox;</literal> parameter entity includes the <acronym>ISO</acronym> 
character entities with the public identifier:

<screen>
  ISO 8879:1986//ENTITIES Box and Line Drawing//EN
</screen>
</para>
</refsynopsisdiv>

<refsect1><title>Description</title>

<para>ISO and the W3C are cooperating to provide an official set
of character entity references for XML. A description of this set
is available at
<ulink url="http://www.w3.org/2003/entities/iso8879doc/isobox.html"/>
</para>

</refsect1>

</refentry>
