<refentry id="pent.isogrk1">
<?dbhtml filename="iso-grk1.html"?>

<refmeta>
<indexterm>
  <primary><acronym>ISO</acronym> Entity Sets</primary><secondary>Greek Letters</secondary>
</indexterm>
<indexterm>
  <primary>%isogrk1;</primary><see><acronym>ISO</acronym> Entity Sets, Greek Letters</see>
</indexterm>

<refentrytitle>Greek Letters Character Entities (%isogrk1;)</refentrytitle>

</refmeta>

<refnamediv>
<refname>%isogrk1;</refname>
<refpurpose>Greek Letters Character Entities
</refpurpose>
</refnamediv>

<refsynopsisdiv>
<para>
The <literal>%isogrk1;</literal> parameter entity includes the <acronym>ISO</acronym> 
character entities with the public identifier:

<screen>
  ISO 8879:1986//ENTITIES Greek Letters//EN
</screen>
</para>
</refsynopsisdiv>

<refsect1><title>Description</title>

<para>ISO and the W3C are cooperating to provide an official set
of character entity references for XML. A description of this set
is available at
<ulink url="http://www.w3.org/2003/entities/iso8879doc/isogrk1.html"/>
</para>

</refsect1>

</refentry>
