<refentry id="pent.isolat1">
<?dbhtml filename="iso-lat1.html"?>

<refmeta>
<indexterm>
  <primary><acronym>ISO</acronym> Entity Sets</primary><secondary><acronym>ISO</acronym> Latin 1</secondary>
</indexterm>
<indexterm>
  <primary>%isolat1;</primary><see><acronym>ISO</acronym> Entity Sets, <acronym>ISO</acronym> Latin 1</see>
</indexterm>

<refentrytitle><acronym>ISO</acronym> Latin 1 Character Entities (%isolat1;)</refentrytitle>

</refmeta>

<refnamediv>
<refname>%isolat1;</refname>
<refpurpose><acronym>ISO</acronym> Latin 1 Character Entities
</refpurpose>
</refnamediv>

<refsynopsisdiv>
<para>
The <literal>%isolat1;</literal> parameter entity includes the <acronym>ISO</acronym> 
character entities with the public identifier:

<screen>
  ISO 8879:1986//ENTITIES Added Latin 1//EN
</screen>
</para>
</refsynopsisdiv>

<refsect1><title>Description</title>

<para>ISO and the W3C are cooperating to provide an official set
of character entity references for XML. A description of this set
is available at
<ulink url="http://www.w3.org/2003/entities/iso8879doc/isolat1.html"/>
</para>

</refsect1>

</refentry>
