<refentry id="pent.isogrk2">
<?dbhtml filename="iso-grk2.html"?>

<refmeta>
<indexterm>
  <primary><acronym>ISO</acronym> Entity Sets</primary><secondary>Monotoniko Greek</secondary>
</indexterm>
<indexterm>
  <primary>%isogrk2;</primary><see><acronym>ISO</acronym> Entity Sets, Monotoniko Greek</see>
</indexterm>

<refentrytitle>Monotoniko Greek Character Entities (%isogrk2;)</refentrytitle>

</refmeta>

<refnamediv>
<refname>%isogrk2;</refname>
<refpurpose>Monotoniko Greek Character Entities
</refpurpose>
</refnamediv>

<refsynopsisdiv>
<para>
The <literal>%isogrk2;</literal> parameter entity includes the <acronym>ISO</acronym> 
character entities with the public identifier:

<screen>
  ISO 8879:1986//ENTITIES Monotoniko Greek//EN
</screen>
</para>
</refsynopsisdiv>

<refsect1><title>Description</title>

<para>ISO and the W3C are cooperating to provide an official set
of character entity references for XML. A description of this set
is available at
<ulink url="http://www.w3.org/2003/entities/iso8879doc/isogrk2.html"/>
</para>

</refsect1>

</refentry>
