<refentry id="pent.isoamsc">
<?dbhtml filename="iso-amsc.html"?>

<refmeta>
<indexterm>
  <primary><acronym>ISO</acronym> Entity Sets</primary><secondary>Added Math Symbols: Delimiters</secondary>
</indexterm>
<indexterm>
  <primary>%isoamsc;</primary><see><acronym>ISO</acronym> Entity Sets, Added Math Symbols: Delimiters</see>
</indexterm>

<refentrytitle>Added Math Symbols: Delimiters Character Entities (%isoamsc;)</refentrytitle>

</refmeta>

<refnamediv>
<refname>%isoamsc;</refname>
<refpurpose>Added Math Symbols: Delimiters Character Entities
</refpurpose>
</refnamediv>

<refsynopsisdiv>
<para>
The <literal>%isoamsc;</literal> parameter entity includes the <acronym>ISO</acronym> 
character entities with the public identifier:

<screen>
  ISO 8879:1986//ENTITIES Added Math Symbols: Delimiters//EN
</screen>
</para>
</refsynopsisdiv>

<refsect1><title>Description</title>

<para>ISO and the W3C are cooperating to provide an official set
of character entity references for XML. A description of this set
is available at
<ulink url="http://www.w3.org/2003/entities/iso8879doc/isoamsc.html"/>
</para>

</refsect1>

</refentry>
