<refentry id="pent.isonum">
<?dbhtml filename="iso-num.html"?>

<refmeta>
<indexterm>
  <primary><acronym>ISO</acronym> Entity Sets</primary><secondary>Numeric and Special Graphic</secondary>
</indexterm>
<indexterm>
  <primary>%isonum;</primary><see><acronym>ISO</acronym> Entity Sets, Numeric and Special Graphic</see>
</indexterm>

<refentrytitle>Numeric and Special Graphic Character Entities (%isonum;)</refentrytitle>

</refmeta>

<refnamediv>
<refname>%isonum;</refname>
<refpurpose>Numeric and Special Graphic Character Entities
</refpurpose>
</refnamediv>

<refsynopsisdiv>
<para>
The <literal>%isonum;</literal> parameter entity includes the <acronym>ISO</acronym> 
character entities with the public identifier:

<screen>
  ISO 8879:1986//ENTITIES Numeric and Special Graphic//EN
</screen>
</para>
</refsynopsisdiv>

<refsect1><title>Description</title>

<para>ISO and the W3C are cooperating to provide an official set
of character entity references for XML. A description of this set
is available at
<ulink url="http://www.w3.org/2003/entities/iso8879doc/isonum.html"/>
</para>

</refsect1>

</refentry>
