<refentry id="pent.isoamsa">
<?dbhtml filename="iso-amsa.html"?>

<refmeta>
<indexterm><primary><acronym>ISO</acronym> Entity Sets</primary>
<secondary>Added Math Symbols: Arrow Relations</secondary></indexterm>
<indexterm><primary>%isoamsa;</primary>
<see><acronym>ISO</acronym> Entity Sets, Added Math Symbols: Arrow Relations</see></indexterm>
<refentrytitle>Added Math Symbols: Arrow Relations Character Entities (%isoamsa;)</refentrytitle>
</refmeta>

<refnamediv>
<refname>%isoamsa;</refname>
<refpurpose>Added Math Symbols: Arrow Relations Character Entities</refpurpose>
</refnamediv>

<refsynopsisdiv>
<para>The <literal>%isoamsa;</literal> parameter entity includes the <acronym>ISO</acronym> 
character entities with the public identifier:

<screen>ISO 8879:1986//ENTITIES Added Math Symbols: Arrow Relations//EN
</screen>
</para>
</refsynopsisdiv>

<refsect1><title>Description</title>

<para>ISO and the W3C are cooperating to provide an official set
of character entity references for XML. A description of this set
is available at
<ulink url="http://www.w3.org/2003/entities/iso8879doc/isoamsa.html"/>
</para>

</refsect1>

</refentry>

