<refentry id="pent.isogrk4">
<?dbhtml filename="iso-grk4.html"?>

<refmeta>
<indexterm>
  <primary><acronym>ISO</acronym> Entity Sets</primary><secondary>Alternative Greek Symbols</secondary>
</indexterm>
<indexterm>
  <primary>%isogrk4;</primary><see><acronym>ISO</acronym> Entity Sets, Alternative Greek Symbols</see>
</indexterm>

<refentrytitle>Alternative Greek Symbols Character Entities (%isogrk4;)</refentrytitle>

</refmeta>

<refnamediv>
<refname>%isogrk4;</refname>
<refpurpose>Alternative Greek Symbols Character Entities
</refpurpose>
</refnamediv>

<refsynopsisdiv>
<para>
The <literal>%isogrk4;</literal> parameter entity includes the <acronym>ISO</acronym> 
character entities with the public identifier:

<screen>
  ISO 8879:1986//ENTITIES Alternative Greek Symbols//EN
</screen>
</para>
</refsynopsisdiv>

<refsect1><title>Description</title>

<para>ISO and the W3C are cooperating to provide an official set
of character entity references for XML. A description of this set
is available at
<ulink url="http://www.w3.org/2003/entities/iso8879doc/isogrk4.html"/>
</para>

</refsect1>

</refentry>
