<refentry id="pent.isocyr2">
<?dbhtml filename="iso-cyr2.html"?>

<refmeta>
<indexterm>
  <primary><acronym>ISO</acronym> Entity Sets</primary><secondary>Non-Russian Cyrillic</secondary>
</indexterm>
<indexterm>
  <primary>%isocyr2;</primary><see><acronym>ISO</acronym> Entity Sets, Non-Russian Cyrillic</see>
</indexterm>

<refentrytitle>Non-Russian Cyrillic Character Entities (%isocyr2;)</refentrytitle>

</refmeta>

<refnamediv>
<refname>%isocyr2;</refname>
<refpurpose>Non-Russian Cyrillic Character Entities
</refpurpose>
</refnamediv>

<refsynopsisdiv>
<para>
The <literal>%isocyr2;</literal> parameter entity includes the <acronym>ISO</acronym> 
character entities with the public identifier:

<screen>
  ISO 8879:1986//ENTITIES Non-Russian Cyrillic//EN
</screen>
</para>
</refsynopsisdiv>

<refsect1><title>Description</title>

<para>ISO and the W3C are cooperating to provide an official set
of character entity references for XML. A description of this set
is available at
<ulink url="http://www.w3.org/2003/entities/iso8879doc/isocyr2.html"/>
</para>

</refsect1>

</refentry>
