<refentry id="pent.isogrk3">
<?dbhtml filename="iso-grk3.html"?>

<refmeta>
<indexterm>
  <primary><acronym>ISO</acronym> Entity Sets</primary><secondary>Greek Symbols</secondary>
</indexterm>
<indexterm>
  <primary>%isogrk3;</primary><see><acronym>ISO</acronym> Entity Sets, Greek Symbols</see>
</indexterm>

<refentrytitle>Greek Symbols Character Entities (%isogrk3;)</refentrytitle>

</refmeta>

<refnamediv>
<refname>%isogrk3;</refname>
<refpurpose>Greek Symbols Character Entities
</refpurpose>
</refnamediv>

<refsynopsisdiv>
<para>
The <literal>%isogrk3;</literal> parameter entity includes the <acronym>ISO</acronym> 
character entities with the public identifier:

<screen>
  ISO 8879:1986//ENTITIES Greek Symbols//EN
</screen>
</para>
</refsynopsisdiv>

<refsect1><title>Description</title>

<para>ISO and the W3C are cooperating to provide an official set
of character entity references for XML. A description of this set
is available at
<ulink url="http://www.w3.org/2003/entities/iso8879doc/isogrk3.html"/>
</para>

</refsect1>

</refentry>
