<refentry id="pent.isodia">
<?dbhtml filename="iso-dia.html"?>

<refmeta>
<indexterm>
  <primary><acronym>ISO</acronym> Entity Sets</primary><secondary>Diacritical Marks</secondary>
</indexterm>
<indexterm>
  <primary>%isodia;</primary><see><acronym>ISO</acronym> Entity Sets, Diacritical Marks</see>
</indexterm>

<refentrytitle>Diacritical Marks Character Entities (%isodia;)</refentrytitle>

</refmeta>

<refnamediv>
<refname>%isodia;</refname>
<refpurpose>Diacritical Marks Character Entities
</refpurpose>
</refnamediv>

<refsynopsisdiv>
<para>
The <literal>%isodia;</literal> parameter entity includes the <acronym>ISO</acronym> 
character entities with the public identifier:

<screen>
  ISO 8879:1986//ENTITIES Diacritical Marks//EN
</screen>
</para>
</refsynopsisdiv>

<refsect1><title>Description</title>

<para>ISO and the W3C are cooperating to provide an official set
of character entity references for XML. A description of this set
is available at
<ulink url="http://www.w3.org/2003/entities/iso8879doc/isodia.html"/>
</para>

</refsect1>

</refentry>
