<refentry id="pent.isoamso">
<?dbhtml filename="iso-amso.html"?>

<refmeta>
<indexterm>
  <primary><acronym>ISO</acronym> Entity Sets</primary><secondary>Added Math Symbols: Ordinary</secondary>
</indexterm>
<indexterm>
  <primary>%isoamso;</primary><see><acronym>ISO</acronym> Entity Sets, Added Math Symbols: Ordinary</see>
</indexterm>

<refentrytitle>Added Math Symbols: Ordinary Character Entities (%isoamso;)</refentrytitle>

</refmeta>

<refnamediv>
<refname>%isoamso;</refname>
<refpurpose>Added Math Symbols: Ordinary Character Entities
</refpurpose>
</refnamediv>

<refsynopsisdiv>
<para>
The <literal>%isoamso;</literal> parameter entity includes the <acronym>ISO</acronym> 
character entities with the public identifier:

<screen>
  ISO 8879:1986//ENTITIES Added Math Symbols: Ordinary//EN
</screen>
</para>
</refsynopsisdiv>

<refsect1><title>Description</title>

<para>ISO and the W3C are cooperating to provide an official set
of character entity references for XML. A description of this set
is available at
<ulink url="http://www.w3.org/2003/entities/iso8879doc/isoamso.html"/>
</para>

</refsect1>

</refentry>
