<refentry id="pent.isoamsr">
<?dbhtml filename="iso-amsr.html"?>

<refmeta>
<indexterm>
  <primary><acronym>ISO</acronym> Entity Sets</primary><secondary>Added Math Symbols: Relations</secondary>
</indexterm>
<indexterm>
  <primary>%isoamsr;</primary><see><acronym>ISO</acronym> Entity Sets, Added Math Symbols: Relations</see>
</indexterm>

<refentrytitle>Added Math Symbols: Relations Character Entities (%isoamsr;)</refentrytitle>

</refmeta>

<refnamediv>
<refname>%isoamsr;</refname>
<refpurpose>Added Math Symbols: Relations Character Entities
</refpurpose>
</refnamediv>

<refsynopsisdiv>
<para>
The <literal>%isoamsr;</literal> parameter entity includes the <acronym>ISO</acronym> 
character entities with the public identifier:

<screen>
  ISO 8879:1986//ENTITIES Added Math Symbols: Relations//EN
</screen>
</para>
</refsynopsisdiv>

<refsect1><title>Description</title>

<para>ISO and the W3C are cooperating to provide an official set
of character entity references for XML. A description of this set
is available at
<ulink url="http://www.w3.org/2003/entities/iso8879doc/isoamsr.html"/>
</para>

</refsect1>

</refentry>
