<refentry id="pent.isocyr1">
<?dbhtml filename="iso-cyr1.html"?>

<refmeta>
<indexterm>
  <primary><acronym>ISO</acronym> Entity Sets</primary><secondary>Russian Cyrillic</secondary>
</indexterm>
<indexterm>
  <primary>%isocyr1;</primary><see><acronym>ISO</acronym> Entity Sets, Russian Cyrillic</see>
</indexterm>

<refentrytitle>Russian Cyrillic Character Entities (%isocyr1;)</refentrytitle>

</refmeta>

<refnamediv>
<refname>%isocyr1;</refname>
<refpurpose>Russian Cyrillic Character Entities
</refpurpose>
</refnamediv>

<refsynopsisdiv>
<para>
The <literal>%isocyr1;</literal> parameter entity includes the <acronym>ISO</acronym> 
character entities with the public identifier:

<screen>
  ISO 8879:1986//ENTITIES Russian Cyrillic//EN
</screen>
</para>
</refsynopsisdiv>

<refsect1><title>Description</title>

<para>ISO and the W3C are cooperating to provide an official set
of character entity references for XML. A description of this set
is available at
<ulink url="http://www.w3.org/2003/entities/iso8879doc/isocyr1.html"/>
</para>

</refsect1>

</refentry>
