<refentry id="pent.isoamsb">
<?dbhtml filename="iso-amsb.html"?>

<refmeta>
<indexterm>
  <primary><acronym>ISO</acronym> Entity Sets</primary><secondary>Added Math Symbols: Binary Operators</secondary>
</indexterm>
<indexterm>
  <primary>%isoamsb;</primary><see><acronym>ISO</acronym> Entity Sets, Added Math Symbols: Binary Operators</see>
</indexterm>

<refentrytitle>Added Math Symbols: Binary Operators Character Entities (%isoamsb;)</refentrytitle>

</refmeta>

<refnamediv>
<refname>%isoamsb;</refname>
<refpurpose>Added Math Symbols: Binary Operators Character Entities
</refpurpose>
</refnamediv>

<refsynopsisdiv>
<para>
The <literal>%isoamsb;</literal> parameter entity includes the <acronym>ISO</acronym> 
character entities with the public identifier:

<screen>
  ISO 8879:1986//ENTITIES Added Math Symbols: Binary Operators//EN
</screen>
</para>
</refsynopsisdiv>

<refsect1><title>Description</title>

<para>ISO and the W3C are cooperating to provide an official set
of character entity references for XML. A description of this set
is available at
<ulink url="http://www.w3.org/2003/entities/iso8879doc/isoamsb.html"/>
</para>

</refsect1>

</refentry>
