<refentry id="pent.isotech">
<?dbhtml filename="iso-tech.html"??>

<refmeta>
<indexterm>
  <primary><acronym>ISO</acronym> Entity Sets</primary><secondary>General Technical</secondary>
</indexterm>
<indexterm>
  <primary>%isotech;</primary><see><acronym>ISO</acronym> Entity Sets, General Technical</see>
</indexterm>

<refentrytitle>General Technical Character Entities (%isotech;)</refentrytitle>

</refmeta>

<refnamediv>
<refname>%isotech;</refname>
<refpurpose>General Technical Character Entities
</refpurpose>
</refnamediv>

<refsynopsisdiv>
<para>
The <literal>%isotech;</literal> parameter entity includes the <acronym>ISO</acronym> 
character entities with the public identifier:

<screen>
  ISO 8879:1986//ENTITIES General Technical//EN
</screen>
</para>
</refsynopsisdiv>

<refsect1><title>Description</title>

<para>ISO and the W3C are cooperating to provide an official set
of character entity references for XML. A description of this set
is available at
<ulink url="http://www.w3.org/2003/entities/iso8879doc/isotech.html"/>
</para>

</refsect1>

</refentry>
