<refentry id="pent.isolat2">
<?dbhtml filename="iso-lat2.html"?>

<refmeta>
<indexterm>
  <primary><acronym>ISO</acronym> Entity Sets</primary><secondary>Added Latin 2</secondary>
</indexterm>
<indexterm>
  <primary>%isolat2;</primary><see><acronym>ISO</acronym> Entity Sets, Added Latin 2</see>
</indexterm>

<refentrytitle>Added Latin 2 Character Entities (%isolat2;)</refentrytitle>

</refmeta>

<refnamediv>
<refname>%isolat2;</refname>
<refpurpose>Added Latin 2 Character Entities
</refpurpose>
</refnamediv>

<refsynopsisdiv>
<para>
The <literal>%isolat2;</literal> parameter entity includes the <acronym>ISO</acronym> 
character entities with the public identifier:

<screen>
  ISO 8879:1986//ENTITIES Added Latin 2//EN
</screen>
</para>
</refsynopsisdiv>

<refsect1><title>Description</title>

<para>ISO and the W3C are cooperating to provide an official set
of character entity references for XML. A description of this set
is available at
<ulink url="http://www.w3.org/2003/entities/iso8879doc/isolat2.html"/>
</para>

</refsect1>

</refentry>
