<?xml
 version="1.0"?>
<!--
  == Copyright (c) 2002-2003. All rights reserved.
  == Financial Products Markup Language is subject to the FpML public license.
  == A copy of this license is available at http://www.fpml.org/documents/license
  -->
<FpML
 version="4-0"
 xsi:type="DataDocument"
 xmlns:xsi="http://www.w3.org/2001/XMLSchema-instance"
 xsi:schemaLocation="http://www.fpml.org/2003/FpML-4-0 ../fpml-main-4-0.xsd"
 xmlns="http://www.fpml.org/2003/FpML-4-0">
  <trade>
    <tradeHeader>
      <partyTradeIdentifier>
        <partyReference
         href="partyA" />
        <tradeId
         tradeIdScheme="http://www.partyA.com/trade-id">123</tradeId>
      </partyTradeIdentifier>
      <partyTradeIdentifier>
        <partyReference
         href="partyB" />
        <tradeId
         tradeIdScheme="http://www.partyB.com/trade-id">123</tradeId>
      </partyTradeIdentifier>
      <tradeDate>2001-04-29</tradeDate>
    </tradeHeader>
    <swap>
      <swapStream>
        <payerPartyReference
         href="partyA" />
        <receiverPartyReference
         href="partyB" />
        <calculationPeriodDates
         id="CalcPeriodDates0">
          <effectiveDate>
            <unadjustedDate>2001-08-30</unadjustedDate>
            <dateAdjustments>
              <businessDayConvention>NONE</businessDayConvention>
            </dateAdjustments>
          </effectiveDate>
          <terminationDate>
            <unadjustedDate>2006-08-30</unadjustedDate>
            <dateAdjustments>
              <businessDayConvention>MODFOLLOWING</businessDayConvention>
              <businessCenters
               id="accrualBusinessCenters0">
                <businessCenter>USNY</businessCenter>
              </businessCenters>
            </dateAdjustments>
          </terminationDate>
          <calculationPeriodDatesAdjustments>
            <businessDayConvention>MODFOLLOWING</businessDayConvention>
            <businessCentersReference
             href="accrualBusinessCenters0" />
          </calculationPeriodDatesAdjustments>
          <calculationPeriodFrequency>
            <periodMultiplier>3</periodMultiplier>
            <period>M</period>
            <rollConvention>30</rollConvention>
          </calculationPeriodFrequency>
        </calculationPeriodDates>
        <paymentDates>
          <calculationPeriodDatesReference
           href="CalcPeriodDates0" />
          <paymentFrequency>
            <periodMultiplier>3</periodMultiplier>
            <period>M</period>
          </paymentFrequency>
          <payRelativeTo>CalculationPeriodEndDate</payRelativeTo>
          <paymentDatesAdjustments>
            <businessDayConvention>MODFOLLOWING</businessDayConvention>
            <businessCenters
             id="paymentBusinessCenters0">
              <businessCenter>USNY</businessCenter>
            </businessCenters>
          </paymentDatesAdjustments>
        </paymentDates>
        <resetDates
         id="resetDates0">
          <calculationPeriodDatesReference
           href="CalcPeriodDates0" />
          <resetRelativeTo>CalculationPeriodStartDate</resetRelativeTo>
          <fixingDates>
            <periodMultiplier>-2</periodMultiplier>
            <period>D</period>
            <dayType>Business</dayType>
            <businessDayConvention>NONE</businessDayConvention>
            <businessCenters
             id="resetBusinessCenters0">
              <businessCenter>GBLO</businessCenter>
            </businessCenters>
            <dateRelativeTo
             href="resetDates0"/>
          </fixingDates>
          <resetFrequency>
            <periodMultiplier>3</periodMultiplier>
            <period>M</period>
          </resetFrequency>
          <resetDatesAdjustments>
            <businessDayConvention>MODFOLLOWING</businessDayConvention>
            <businessCentersReference
             href="resetBusinessCenters0" />
          </resetDatesAdjustments>
        </resetDates>
        <calculationPeriodAmount>
          <calculation>
            <notionalSchedule>
              <notionalStepSchedule>
                <initialValue>100000000</initialValue>
                <currency>USD</currency>
              </notionalStepSchedule>
            </notionalSchedule>
            <floatingRateCalculation>
              <floatingRateIndex>USD-LIBOR-BBA</floatingRateIndex>
              <indexTenor>
                <periodMultiplier>3</periodMultiplier>
                <period>M</period>
              </indexTenor>
              <floatingRateMultiplierSchedule>
                <initialValue>-1.0</initialValue>
              </floatingRateMultiplierSchedule>
              <spreadSchedule>
                <initialValue>0.085</initialValue>
              </spreadSchedule>
            </floatingRateCalculation>
            <dayCountFraction>ACT/360</dayCountFraction>
          </calculation>
        </calculationPeriodAmount>
      </swapStream>
      <swapStream>
        <payerPartyReference
         href="partyB" />
        <receiverPartyReference
         href="partyA" />
        <calculationPeriodDates
         id="CalcPeriodDates1">
          <effectiveDate>
            <unadjustedDate>2001-08-30</unadjustedDate>
            <dateAdjustments>
              <businessDayConvention>NONE</businessDayConvention>
            </dateAdjustments>
          </effectiveDate>
          <terminationDate>
            <unadjustedDate>2006-08-30</unadjustedDate>
            <dateAdjustments>
              <businessDayConvention>MODFOLLOWING</businessDayConvention>
              <businessCenters
               id="accrualBusinessCenters1">
                <businessCenter>USNY</businessCenter>
              </businessCenters>
            </dateAdjustments>
          </terminationDate>
          <calculationPeriodDatesAdjustments>
            <businessDayConvention>MODFOLLOWING</businessDayConvention>
            <businessCentersReference
             href="accrualBusinessCenters1" />
          </calculationPeriodDatesAdjustments>
          <calculationPeriodFrequency>
            <periodMultiplier>6</periodMultiplier>
            <period>M</period>
            <rollConvention>30</rollConvention>
          </calculationPeriodFrequency>
        </calculationPeriodDates>
        <paymentDates>
          <calculationPeriodDatesReference
           href="CalcPeriodDates1" />
          <paymentFrequency>
            <periodMultiplier>6</periodMultiplier>
            <period>M</period>
          </paymentFrequency>
          <payRelativeTo>CalculationPeriodEndDate</payRelativeTo>
          <paymentDatesAdjustments>
            <businessDayConvention>MODFOLLOWING</businessDayConvention>
            <businessCenters
             id="paymentBusinessCenters1">
              <businessCenter>USNY</businessCenter>
            </businessCenters>
          </paymentDatesAdjustments>
        </paymentDates>
        <calculationPeriodAmount>
          <calculation>
            <notionalSchedule>
              <notionalStepSchedule>
                <initialValue>100000000</initialValue>
                <currency>USD</currency>
              </notionalStepSchedule>
            </notionalSchedule>
            <fixedRateSchedule>
              <initialValue>0.045</initialValue>
            </fixedRateSchedule>
            <dayCountFraction>30/360</dayCountFraction>
          </calculation>
        </calculationPeriodAmount>
      </swapStream>
    </swap>
  </trade>
  <party
   id="partyA">
    <partyId>partyA</partyId>
  </party>
  <party
   id="partyB">
    <partyId>partyB</partyId>
  </party>
</FpML>

