<?xml version = "1.0" encoding = "UTF-8"?>

<!--
  == Copyright (c) 2002-2003. All rights reserved.
  == Financial Products Markup Language is subject to the FpML public license.
  == A copy of this license is available at http://www.fpml.org/documents/license
  -->
<FpML version = "4-0"
 xsi:type = "DataDocument"
 xmlns:xsi = "http://www.w3.org/2001/XMLSchema-instance"
 xsi:schemaLocation = "http://www.fpml.org/2003/FpML-4-0 ../fpml-main-4-0.xsd"
 xmlns = "http://www.fpml.org/2003/FpML-4-0">  
	<trade>    
		<tradeHeader>      
			<partyTradeIdentifier>        
				<partyReference href = "CITI"/>        
				<tradeId tradeIdScheme = "http://www.citibank.com/swaps/trade-id">TRN12000</tradeId>      
			</partyTradeIdentifier>      
			<partyTradeIdentifier>        
				<partyReference href = "MCMC"/>        
				<tradeId tradeIdScheme = "http://www.mizuhocap.com/swaps/trade-id">TRN13000</tradeId>      
			</partyTradeIdentifier>      
			<tradeDate>2001-01-25</tradeDate>          
		</tradeHeader>    
		<swap>
			<!-- Citibank pays the EUR-EONIA-OIS-COMPOUND stream, on an ACT/360 basis -->
			      
			<swapStream>        
				<payerPartyReference href = "CITI"/>        
				<receiverPartyReference href = "MCMC"/>        
				<calculationPeriodDates id = "floatingCalcPeriodDates">          
					<effectiveDate>            
						<unadjustedDate>2001-01-29</unadjustedDate>            
						<dateAdjustments>              
							<businessDayConvention>NONE</businessDayConvention>            
						</dateAdjustments>          
					</effectiveDate>          
					<terminationDate>            
						<unadjustedDate>2001-04-29</unadjustedDate>            
						<dateAdjustments>              
							<businessDayConvention>MODFOLLOWING</businessDayConvention>              
							<businessCenters id = "primaryBusinessCenters">                
								<businessCenter>EUTA</businessCenter>              
							</businessCenters>            
						</dateAdjustments>          
					</terminationDate>          
					<calculationPeriodDatesAdjustments>            
						<businessDayConvention>MODFOLLOWING</businessDayConvention>            
						<businessCentersReference href = "primaryBusinessCenters"/>          
					</calculationPeriodDatesAdjustments>          
					<calculationPeriodFrequency>            
						<periodMultiplier>1</periodMultiplier>            
						<period>T</period>            
						<rollConvention>NONE</rollConvention>          
					</calculationPeriodFrequency>        
				</calculationPeriodDates>        
				<paymentDates>          
					<calculationPeriodDatesReference href = "floatingCalcPeriodDates"/>          
					<paymentFrequency>            
						<periodMultiplier>1</periodMultiplier>            
						<period>T</period>          
					</paymentFrequency>          
					<payRelativeTo>CalculationPeriodEndDate</payRelativeTo>          
					<paymentDaysOffset>            
						<periodMultiplier>1</periodMultiplier>            
						<period>D</period>            
						<dayType>Business</dayType>          
					</paymentDaysOffset>          
					<paymentDatesAdjustments>            
						<businessDayConvention>MODFOLLOWING</businessDayConvention>            
						<businessCentersReference href = "primaryBusinessCenters"/>          
					</paymentDatesAdjustments>        
				</paymentDates>        
				<resetDates id = "resetDates">          
					<calculationPeriodDatesReference href = "floatingCalcPeriodDates"/>          
					<resetRelativeTo>CalculationPeriodEndDate</resetRelativeTo>          
					<fixingDates>            
						<periodMultiplier>0</periodMultiplier>            
						<period>D</period>            
						<businessDayConvention>PRECEDING</businessDayConvention>            
						<businessCenters>              
							<businessCenter>EUTA</businessCenter>            
						</businessCenters>            
						<dateRelativeTo href = "resetDates"/>          
					</fixingDates>          
					<resetFrequency>            
						<periodMultiplier>1</periodMultiplier>            
						<period>T</period>          
					</resetFrequency>          
					<resetDatesAdjustments>            
						<businessDayConvention>MODFOLLOWING</businessDayConvention>            
						<businessCentersReference href = "primaryBusinessCenters"/>          
					</resetDatesAdjustments>        
				</resetDates>        
				<calculationPeriodAmount>          
					<calculation>            
						<notionalSchedule>              
							<notionalStepSchedule>                
								<initialValue>100000000.00</initialValue>                
								<currency>EUR</currency>              
							</notionalStepSchedule>            
						</notionalSchedule>            
						<floatingRateCalculation>              
							<floatingRateIndex>EUR-EONIA-OIS-COMPOUND</floatingRateIndex>            
						</floatingRateCalculation>            
						<dayCountFraction>ACT/360</dayCountFraction>          
					</calculation>        
				</calculationPeriodAmount>      
			</swapStream>
			<!-- Mizuho Capital pays the 5.10% fixed rate on ACT/360 basis -->
			      
			<swapStream>        
				<payerPartyReference href = "MCMC"/>        
				<receiverPartyReference href = "CITI"/>        
				<calculationPeriodDates id = "fixedCalcPeriodDates">          
					<effectiveDate>            
						<unadjustedDate>2001-01-29</unadjustedDate>            
						<dateAdjustments>              
							<businessDayConvention>NONE</businessDayConvention>            
						</dateAdjustments>          
					</effectiveDate>          
					<terminationDate>            
						<unadjustedDate>2001-04-29</unadjustedDate>            
						<dateAdjustments>              
							<businessDayConvention>MODFOLLOWING</businessDayConvention>              
							<businessCentersReference href = "primaryBusinessCenters"/>            
						</dateAdjustments>          
					</terminationDate>          
					<calculationPeriodDatesAdjustments>            
						<businessDayConvention>MODFOLLOWING</businessDayConvention>            
						<businessCentersReference href = "primaryBusinessCenters"/>          
					</calculationPeriodDatesAdjustments>          
					<calculationPeriodFrequency>            
						<periodMultiplier>1</periodMultiplier>            
						<period>T</period>            
						<rollConvention>NONE</rollConvention>          
					</calculationPeriodFrequency>        
				</calculationPeriodDates>        
				<paymentDates>          
					<calculationPeriodDatesReference href = "fixedCalcPeriodDates"/>          
					<paymentFrequency>            
						<periodMultiplier>1</periodMultiplier>            
						<period>T</period>          
					</paymentFrequency>          
					<payRelativeTo>CalculationPeriodEndDate</payRelativeTo>          
					<paymentDatesAdjustments>            
						<businessDayConvention>MODFOLLOWING</businessDayConvention>            
						<businessCentersReference href = "primaryBusinessCenters"/>          
					</paymentDatesAdjustments>        
				</paymentDates>        
				<calculationPeriodAmount>          
					<calculation>            
						<notionalSchedule>              
							<notionalStepSchedule>                
								<initialValue>100000000.00</initialValue>                
								<currency>EUR</currency>              
							</notionalStepSchedule>            
						</notionalSchedule>            
						<fixedRateSchedule>              
							<initialValue>0.051</initialValue>            
						</fixedRateSchedule>            
						<dayCountFraction>ACT/360</dayCountFraction>          
					</calculation>        
				</calculationPeriodAmount>      
			</swapStream>    
		</swap>
		<calculationAgent>
			<calculationAgentPartyReference href = "CITI"/>
		</calculationAgent>  
	</trade>  
	<party id = "CITI">    
		<partyId>CITIUS33</partyId>  
	</party>  
	<party id = "MCMC">    
		<partyId>MCMCUS33</partyId>  
	</party>
</FpML>
