<?xml version="1.0" encoding="utf-8"?>
<!DOCTYPE article [
<!ENTITY FS-status SYSTEM "FS-status.xml">
]>
<article>
  <title>Formatting specifications for UBL Receipt Advice instances</title>
<articleinfo>

<copyright><year>2004</year><holder>OASIS</holder></copyright>
<pubdate>$Date: 2005-05-27 22:23:38 $(UTC)</pubdate>
</articleinfo>

<section>
<title>
Receipt advice formatting specification</title>

<para>
Two sample formatting specifications are offered for this document type:</para>

<itemizedlist>
<listitem><para>
<ulink url="ReceiptAdvice/OfficeReceiptAdvice.html">
Office-oriented receipt advice form</ulink>
</para>
</listitem>
<listitem><para>
<ulink url="ReceiptAdvice/UN632ReceiptAdvice.html">
United Nations Layout Key 632 Receipt Advice</ulink>
</para>
</listitem>
</itemizedlist>

<para>
For a list of all formatting specifications and an overview of the documentation conventions, please visit the <ulink url="index.html">formatting specification home page</ulink>.</para>

</section>

&FS-status;

</article>
