<?xml version="1.0" encoding="utf-8"?>
<!DOCTYPE article [
<!ENTITY FS-status SYSTEM "FS-status.xml">
]>
<article>
  <title>Formatting specifications for UBL Despatch Advice instances</title>
<articleinfo>

<copyright><year>2004</year><holder>OASIS</holder></copyright>
<pubdate>$Date: 2005-05-27 22:23:19 $(UTC)</pubdate>
</articleinfo>

<section>
<title>
Despatch advice formatting specifications</title>

<para>
Three sample formatting specifications are offered for this document type:</para>

<itemizedlist>
<listitem><para>
<ulink url="DespatchAdvice/OfficeDespatchAdvice.html">
Office-oriented despatch advice form</ulink>
</para>
</listitem>
<listitem><para>
<ulink url="DespatchAdvice/JoineryDespatchAdvice.html">
Joinery-oriented despatch advice form</ulink>
</para>
</listitem>
<listitem><para>
<ulink url="DespatchAdvice/UN351DespatchAdvice.html">
United Nations Layout Key form 351: Despatch Advice</ulink>
</para>
</listitem>
</itemizedlist>

<para>
For a list of all formatting specifications and an overview of the documentation conventions, please visit the <ulink url="index.html">formatting specification home page</ulink>.</para>

</section>

&FS-status;

</article>
