<?xml version="1.0" encoding="utf-8"?>
<!DOCTYPE article [
<!ENTITY FS-status SYSTEM "FS-status.xml">
]>
<article>
  <title>Formatting specifications for UBL Order Change instances</title>
<articleinfo>

<copyright><year>2004</year><holder>OASIS</holder></copyright>
<pubdate>$Date: 2005-05-27 22:23:27 $(UTC)</pubdate>
</articleinfo>

<section>
<title>
Purchase order change formatting specifications</title>

<para>
Two sample formatting specifications are offered for this document type:</para>

<itemizedlist>
<listitem><para>
<ulink url="OrderChange/OfficeOrderChange.html">
Office-oriented order change form</ulink>
</para>
</listitem>
<listitem><para>
<ulink url="OrderChange/UN230OrderChange.html">
United Nations Layout Key form 230: Order Change</ulink>
</para>
</listitem>
</itemizedlist>

<para>
For a list of all formatting specifications and an overview of the documentation conventions, please visit the <ulink url="index.html">formatting specification home page</ulink>.</para>

</section>

&FS-status;

</article>
