<?xml version="1.0" encoding="utf-8"?>
<!DOCTYPE article [
<!ENTITY FS-status SYSTEM "FS-status.xml">
]>
<article>
  <title>Formatting specifications for UBL Invoice instances</title>
<articleinfo>

<copyright><year>2004</year><holder>OASIS</holder></copyright>
<pubdate>$Date: 2005-05-27 22:23:21 $(UTC)</pubdate>
</articleinfo>

<section>
<title>
Invoice formatting specifications</title>

<para>
Three sample formatting specifications are offered for this document type:</para>

<itemizedlist>
<listitem><para>
<ulink url="Invoice/OfficeInvoice.html">
Office-oriented invoice form</ulink>
</para>
</listitem>
<listitem><para>
<ulink url="Invoice/JoineryInvoice.html">
Joinery-oriented invoice form</ulink>
</para>
</listitem>
<listitem><para>
<ulink url="Invoice/UN380Invoice.html">
United Nations Layout Key form 380: Invoice</ulink>
</para>
</listitem>
</itemizedlist>

<para>
For a list of all formatting specifications and an overview of the documentation conventions, please visit the <ulink url="index.html">formatting specification home page</ulink>.</para>

</section>

&FS-status;

</article>
