<?xml version="1.0" encoding="utf-8"?>
<!DOCTYPE article [
<!ENTITY FS-status SYSTEM "FS-status.xml">
]>
<article>
  <title>Formatting specifications for UBL Order instances</title>
<articleinfo>

<copyright><year>2004</year><holder>OASIS</holder></copyright>
<pubdate>$Date: 2005-05-27 22:23:36 $(UTC)</pubdate>
</articleinfo>

<section>
<title>
Purchase order formatting specifications</title>

<para>
Three sample formatting specifications are offered for this document type:</para>

<itemizedlist>
<listitem><para>
<ulink url="Order/OfficeOrder.html">
Office-oriented order form</ulink>
</para>
</listitem>
<listitem><para>
<ulink url="Order/JoineryOrder.html">
Joinery-oriented order form</ulink>
</para>
</listitem>
<listitem><para>
<ulink url="Order/UN220Order.html">
United Nations Layout Key form 220: Order</ulink>
</para>
</listitem>
</itemizedlist>

<para>
For a list of all formatting specifications and an overview of the documentation conventions, please visit the <ulink url="index.html">formatting specification home page</ulink>.</para>

</section>

&FS-status;

</article>
