<?xml version="1.0" encoding="utf-8"?>
<!DOCTYPE article [
<!ENTITY % nsuri SYSTEM "nsuri.ent">
%nsuri;
]>
<article>
<title>UN layout formatting specification for UBL Order instances</title>
<articleinfo>
<copyright><year>2004</year><holder>OASIS</holder></copyright>
<pubdate>$Date: 2005-05-27 22:24:16 $(UTC)</pubdate>

</articleinfo>
<section>
<title>
Purchase order formatting specification</title>
<para>
This formatting specification describes a rendering of the UBL Order document model according to the United Nations Layout Key for Trade Documents guidelines for application for the 220 Order form:</para>
<itemizedlist>
<listitem><para>
220 Order: Document by means of which a buyer initiates a transaction with a seller involving the supply of goods as specified, according to conditions set out in an offer, or otherwise known to the buyer.</para>
</listitem>
</itemizedlist>
<para>
For a list of all formatting specifications and an overview of the documentation conventions, please visit the <ulink url="../index.html">formatting specification home page</ulink>.</para>
<section>
<title>
Status</title>
<para>
This specification has no formal status at this time.  It should not be considered a reference interpretation of UBL documents.  Feedback is sought from users of stylesheets that implement this formatting specification regarding suggestions for change for consideration by the OASIS UBL committees for incorporation into these formatting specifications.</para>
<para>
Presentational semantics may never be formalized or normative in the UBL project due to differing international requirements and conventions for the presentation of information found in business documents.  This document contains only examples from a few of what will probably be many available UBL stylesheet libraries.</para>
</section>

<section>
<title>
Example rendering</title>
<para>
The following is an example rendering that illustrates the position and decoration of the information items found in an instance of the document type:</para>
<itemizedlist>
<listitem><para>
PDF printable format (A4 page size)</para>
<itemizedlist>
<listitem><para>
<ulink url="pdf/UN220Order.Example-a4.pdf"><literal>UN220Order.Example-a4.pdf</literal></ulink></para></listitem>
</itemizedlist>
</listitem>
<listitem><para>
PDF printable format (US-letter page size)</para>
<itemizedlist>
<listitem><para>
<ulink url="pdf/UN220Order.Example-us.pdf"><literal>UN220Order.Example-us.pdf</literal></ulink></para></listitem>
</itemizedlist>
</listitem>
</itemizedlist>
</section>
<section>
<title>
Layout order and information</title>
<para>
Items in this formatting specification are ordered roughly from the laid out fields on the form in the order left-to-right, top to bottom.</para>
<para>
Certain descriptions are verbatim quotes from the United Nations guidelines document.</para>
<para>
Important: the rendering of a number of fields is very simplified, reflecting a Western European interpretation of a subset of fields (as in names and addresses).  User requirements need to be better understood for the level of granularity in these formatting specifications.</para>
</section>
<section>
<title>
Namespaces</title>
<para>
The following namespaces are mapped to the prefixes in the expressions below:</para>
<itemizedlist>
<listitem><para>
<literal>&ns-po;</literal></para>
</listitem>
<listitem><para>
<literal>&ns-cac;</literal></para>
</listitem>
<listitem><para>
<literal>&ns-cbc;</literal></para>
</listitem>
</itemizedlist>
</section>
</section>
<section role="items">
<title>
Miscellaneous information</title>
<para>
The following information is unrelated to the visible fields of the form.</para>
<section role="item">
<title>
Document header information</title>
<table role="xpath"><title>XPath information</title><tgroup cols="1"><tbody><row><entry role="groups"/><entry role="rows"/><entry role="cols"/><entry role="xpath"><literal>/po:Order/po:BuyersID</literal></entry></row><row><entry role="groups"/><entry role="rows"/><entry role="cols"/><entry role="xpath"><literal>/po:Order/cbc:IssueDate</literal></entry></row></tbody></tgroup></table>
<para>
This information shows up in the window-title bar of the HTML browser, and in the document title supported by some XSL-FO processors.</para>
</section>
</section>
<section role="items" id="main">
<title>Main document and party information</title>
<para>Header information is associated with the form as a whole, not
to the individual items of goods.</para>
<section role="item">
<title>Seller</title>
<table role="xpath"><title>XPath information</title><tgroup cols="1"><tbody><row><entry role="groups"/><entry role="rows"/><entry role="cols"/><entry role="xpath">
<literal>/po:Order/cac:SellerParty/cac:Party/cac:PartyName/cbc:Name</literal>
</entry></row><row><entry role="groups"/><entry role="rows"/><entry role="cols"/><entry role="xpath">
<literal>/po:Order/cac:SellerParty/cac:Party/cac:Address/cbc:BuildingNumber</literal>
</entry></row><row><entry role="groups"/><entry role="rows"/><entry role="cols"/><entry role="xpath">
<literal>/po:Order/cac:SellerParty/cac:Party/cac:Address/cbc:StreetName</literal>
</entry></row><row><entry role="groups"/><entry role="rows"/><entry role="cols"/><entry role="xpath">
<literal>/po:Order/cac:SellerParty/cac:Party/cac:Address/cbc:CityName</literal>
</entry></row><row><entry role="groups"/><entry role="rows"/><entry role="cols"/><entry role="xpath">
<literal>/po:Order/cac:SellerParty/cac:Party/cac:Address/cbc:CountrySubentity</literal>
</entry></row><row><entry role="groups"/><entry role="rows"/><entry role="cols"/><entry role="xpath">
<literal>/po:Order/cac:SellerParty/cac:Party/cac:Address/cac:CountrySubentityCode</literal>
</entry></row><row><entry role="groups"/><entry role="rows"/><entry role="cols"/><entry role="xpath">
<literal>/po:Order/cac:SellerParty/cac:Party/cac:Address/cbc:PostalZone</literal>
</entry></row><row><entry role="groups"/><entry role="rows"/><entry role="cols"/><entry role="xpath">
<literal>/po:Order/cac:SellerParty/cac:Party/cac:Address/cac:Country/cbc:Name</literal>
</entry></row></tbody></tgroup></table>
<para>This field is intended to show the name and address of the
sender of goods or the originator of the documents, as the case may
be.</para>
<para>Note that only one of <literal>cbc:CountrySubentity</literal> and <literal>cac:CountrySubentityCode</literal> need be used, with preference to <literal>cbc:CountrySubentity</literal> if it exists.</para>
</section>
<section role="item">
<title>Purchase order number</title>
<table role="xpath"><title>XPath information</title><tgroup cols="1"><tbody><row><entry role="groups"/><entry role="rows"/><entry role="cols"/><entry role="xpath">
<literal>/po:Order/po:BuyersID</literal>
</entry></row></tbody></tgroup></table>
<para>This number is a unique number assigned to the order by the buyer.</para>
</section>
<section role="item">
<title>Date</title>
<table role="xpath"><title>XPath information</title><tgroup cols="1"><tbody><row><entry role="groups"/><entry role="rows"/><entry role="cols"/><entry role="xpath">
<literal>/po:Order/cbc:IssueDate</literal>
</entry></row></tbody></tgroup></table>
<para>This field states the date of the order.</para>
</section>
<section role="item">
<title>Seller's reference (Quote no.)</title>
<table role="xpath"><title>XPath information</title><tgroup cols="1"><tbody><row><entry role="groups"/><entry role="rows"/><entry role="cols"/><entry role="xpath">
<literal>/po:Order/po:QuoteDocumentReference/cac:ID</literal>
</entry></row></tbody></tgroup></table>
<para>This field provides a seller assigned reference to the order.</para>
</section>
<section role="item">
<title>Buyer's reference</title>
<table role="xpath"><title>XPath information</title><tgroup cols="1"><tbody><row><entry role="groups"/><entry role="rows"/><entry role="cols"/><entry role="xpath">
<literal>/po:Order/cac:BuyerParty/cac:BuyerAssignedAccountID</literal>
<!--
<literal>/po:Order/po:BuyersID</literal>
-->
</entry></row></tbody></tgroup></table>
<para>This field provides the buyer's reference to the order.</para>
</section>
<section role="item">
<title>Other reference (Contract no.)</title>
<table role="xpath"><title>XPath information</title><tgroup cols="1"><tbody><row><entry role="groups"/><entry role="rows"/><entry role="cols"/><entry role="xpath">
<literal>/po:Order/po:ContractDocumentReference/cac:ID</literal>
</entry></row></tbody></tgroup></table>
<para>This field provides the contract reference if applicable.</para>
</section>
<section role="item">
<title>Consignee</title>
<table role="xpath"><title>XPath information</title><tgroup cols="1"><tbody><row><entry role="groups"/><entry role="rows"/><entry role="cols"/><entry role="xpath">
<literal>/po:Order/cac:BuyerParty/cac:Party/cac:PartyName/cbc:Name</literal>
</entry></row><row><entry role="groups"/><entry role="rows"/><entry role="cols"/><entry role="xpath">
<literal>/po:Order/cac:Delivery/cac:DeliveryAddress/cbc:BuildingNumber</literal>
</entry></row><row><entry role="groups"/><entry role="rows"/><entry role="cols"/><entry role="xpath">
<literal>/po:Order/cac:Delivery/cac:DeliveryAddress/cbc:StreetName</literal>
</entry></row><row><entry role="groups"/><entry role="rows"/><entry role="cols"/><entry role="xpath">
<literal>/po:Order/cac:Delivery/cac:DeliveryAddress/cbc:CityName</literal>
</entry></row><row><entry role="groups"/><entry role="rows"/><entry role="cols"/><entry role="xpath">
<literal>/po:Order/cac:Delivery/cac:DeliveryAddress/cbc:CountrySubentity</literal>
</entry></row><row><entry role="groups"/><entry role="rows"/><entry role="cols"/><entry role="xpath">
<literal>/po:Order/cac:Delivery/cac:DeliveryAddress/cac:CountrySubentityCode</literal>
</entry></row><row><entry role="groups"/><entry role="rows"/><entry role="cols"/><entry role="xpath">
<literal>/po:Order/cac:Delivery/cac:DeliveryAddress/cbc:PostalZone</literal>
</entry></row><row><entry role="groups"/><entry role="rows"/><entry role="cols"/><entry role="xpath">
<literal>/po:Order/cac:Delivery/cac:DeliveryAddress/cac:Country/cbc:Name</literal>
</entry></row></tbody></tgroup></table>
<para>These fields are used to provide the name and address of the receiver of the goods involved in the transaction.</para>
<para>Note that only one of <literal>cbc:CountrySubentity</literal> and <literal>cac:CountrySubentityCode</literal> need be used, with preference to <literal>cbc:CountrySubentity</literal> if it exists.</para>
</section>
<section role="item" id="buyer">
<title>Buyer</title>
<table role="xpath"><title>XPath information</title><tgroup cols="1"><tbody><row><entry role="groups"/><entry role="rows"/><entry role="cols"/><entry role="xpath">
<literal>/po:Order/cac:BuyerParty/cac:Party/cac:PartyName/cbc:Name</literal>
</entry></row><row><entry role="groups"/><entry role="rows"/><entry role="cols"/><entry role="xpath">
<literal>/po:Order/cac:BuyerParty/cac:Party/cac:Address/cbc:BuildingNumber</literal>
</entry></row><row><entry role="groups"/><entry role="rows"/><entry role="cols"/><entry role="xpath">
<literal>/po:Order/cac:BuyerParty/cac:Party/cac:Address/cbc:StreetName</literal>
</entry></row><row><entry role="groups"/><entry role="rows"/><entry role="cols"/><entry role="xpath">
<literal>/po:Order/cac:BuyerParty/cac:Party/cac:Address/cbc:CityName</literal>
</entry></row><row><entry role="groups"/><entry role="rows"/><entry role="cols"/><entry role="xpath">
<literal>/po:Order/cac:BuyerParty/cac:Party/cac:Address/cbc:CountrySubentity</literal>
</entry></row><row><entry role="groups"/><entry role="rows"/><entry role="cols"/><entry role="xpath">
<literal>/po:Order/cac:BuyerParty/cac:Party/cac:Address/cac:CountrySubentityCode</literal>
</entry></row><row><entry role="groups"/><entry role="rows"/><entry role="cols"/><entry role="xpath">
<literal>/po:Order/cac:BuyerParty/cac:Party/cac:Address/cbc:PostalZone</literal>
</entry></row><row><entry role="groups"/><entry role="rows"/><entry role="cols"/><entry role="xpath">
<literal>/po:Order/cac:BuyerParty/cac:Party/cac:Address/cac:Country/cbc:Name</literal>
</entry></row></tbody></tgroup></table>
<para>These fields are used to provide the name and address of the buyer of the goods involved in the transaction.</para>
<para>Note that only one of <literal>cbc:CountrySubentity</literal> and <literal>cac:CountrySubentityCode</literal> need be used, with preference to <literal>cbc:CountrySubentity</literal> if it exists.</para>
</section>
</section>
<section>
<title>
Additional document and party information</title>
<section role="item">
<title>Buyer bank</title>
<para>At this time this field is not being used in the order.</para>

</section>
<section role="item">
<title>Country of origin</title>
<para>At this time this field is not being used in the order.</para>
</section>
<section role="item">
<title>Country of destination</title>
<table role="xpath"><title>XPath information</title><tgroup cols="1"><tbody><row><entry role="groups"/><entry role="rows"/><entry role="cols"/><entry role="xpath">
<literal>/po:Order/po:DestinationCountry/cbc:Name</literal>
</entry></row></tbody></tgroup></table>
<para>This fields provides the name of the destination country.</para>
</section>
</section>
<section role="items">
<title>Delivery and transport</title>
<para>Transportation fields are header-like information and are applicable to the
entire order.</para>
<section role="item">
<title>Mode of transport</title>
<para>At this time this field is not being used in the order.</para>
</section>
<section role="item">
<title>Date of despatch</title>
<para>At this time this field is not being used in the order.</para>
</section>
<section role="item">
<title>Means of transport</title>
<para>At this time this field is not being used in the order.</para>
</section>
<section role="item">
<title>Place of despatch</title>
<para>At this time this field is not being used in the order.</para>
</section>
<section role="item">
<title>Vessel/flight no.</title>
<para>At this time this field is not being used in the order.</para>
</section>
<section role="item">
<title>Port of loading</title>
<para>At this time this field is not being used in the order.</para>
</section>
<section role="item">
<title>Port of discharge</title>
<para>At this time this field is not being used in the order.</para>
</section>
<section role="item">
<title>Place of delivery</title>
<para>At this time this field is not being used in the order.</para>
</section>
<section role="item">
<title>Terms of delivery</title>
<table role="xpath"><title>XPath information</title><tgroup cols="1"><tbody><row><entry role="groups"/><entry role="rows"/><entry role="cols"/><entry role="xpath">
<literal>/po:Order/cac:DeliveryTerms/cac:ID</literal>
</entry></row></tbody></tgroup></table>
<para>This fields provides the INCOTERM code for the terms of delivery.</para>
</section>
<section role="item">
<title>Location</title>
<table role="xpath"><title>XPath information</title><tgroup cols="1"><tbody><row><entry role="groups"/><entry role="rows"/><entry role="cols"/><entry role="xpath">
<literal>/po:Order/cac:DeliveryTerms/cbc:RelevantLocation</literal>
</entry></row></tbody></tgroup></table>
<para>This field provides the location name (if relevant) associated to the delivery terms.</para>
</section>
<section role="item">
<title>Special terms</title>
<table role="xpath"><title>XPath information</title><tgroup cols="1"><tbody><row><entry role="groups"/><entry role="rows"/><entry role="cols"/><entry role="xpath">
<literal>/po:Order/cac:DeliveryTerms/cbc:SpecialTerms</literal>
</entry></row></tbody></tgroup></table>
<para>This field provides free text description of special conditions relating to the delivery terms.</para>
</section>
<section role="item">
<title>Terms of payment</title>
<para>At this time this field is not being used in the order.</para>
</section>
<section role="item">
<title>Currency of payment</title>
<table role="xpath"><title>XPath information</title><tgroup cols="1"><tbody><row><entry role="groups"/><entry role="rows"/><entry role="cols"/><entry role="xpath">
<literal>/po:Order/po:TransactionCurrencyCode</literal>
</entry></row></tbody></tgroup></table>
<para>This specifies the payment currency for the entire order.</para>
</section>
</section>

<section role="items">
<title>Consignment information</title>
<para>The consignment information holds generic details and totals relating to all the goods items in the order.</para>
<section role="item">
<title>Shipping marks; container number</title>
<para>At this time this field is not being used in the order.</para>
</section>
<section role="item">
<title>No. and kind of packages; description of goods</title>
<para>At this time this field is not being used in the order.</para>
</section>
<section role="item">
<title>Total gross weight (kg)</title>
<table role="xpath"><title>XPath information</title><tgroup cols="1"><tbody><row><entry role="groups"/><entry role="rows"/><entry role="cols"/><entry role="xpath">
<literal>/po:Order/cbc:GrossWeightMeasure</literal>
</entry></row></tbody></tgroup></table>
<para>This field provides the gross weight of the order (not the shipment as it is not known at the order stage).</para>
</section>
<section role="item">
<title>Total cube (m3)</title>
<table role="xpath"><title>XPath information</title><tgroup cols="1"><tbody><row><entry role="groups"/><entry role="rows"/><entry role="cols"/><entry role="xpath">
<literal>/po:Order/cbc:GrossVolumeMeasure</literal>
</entry></row></tbody></tgroup></table>
<para>This field provides the gross volume of the order (not the shipment as it is not known at the order stage).</para>
</section>
<section role="item">
<title>Total net weight (kg)</title>
<table role="xpath"><title>XPath information</title><tgroup cols="1"><tbody><row><entry role="groups"/><entry role="rows"/><entry role="cols"/><entry role="xpath">
<literal>/po:Order/cbc:NetWeightMeasure</literal>
</entry></row></tbody></tgroup></table>
<para>This field provides the net weight of the order (not the shipment as it is not known at the order stage).</para>
</section>

</section><section role="items" id="lineitem">
<title>Line item information</title>
<para>Line item information is associated with the individual item of goods in the order</para>

<section role="item">
<title>Item / References</title>
<table role="xpath"><title>XPath information</title><tgroup cols="1"><tbody><row><entry role="groups"/>
<entry role="rows"/><entry role="cols"/><entry role="xpath">
<literal>/po:Order/cac:OrderLine/cac:LineItem/cac:BuyersID</literal>
</entry></row>
<row>
<entry role="rows"/><entry role="cols"/><entry role="xpath">
<literal>/po:Order/cac:OrderLine/cac:LineItem/cac:SellersID</literal>
</entry>
</row></tbody></tgroup></table>
<para>The first reference is the buyer's assigned reference to the line item.</para>
<para>The second reference is the seller's assigned reference to the line item.</para>
</section>
<section role="item">
<title>Description</title>
<table role="xpath"><title>XPath information</title><tgroup cols="1"><tbody><row><entry role="groups"/><entry role="rows"/><entry role="cols"/><entry role="xpath">
<literal>/po:Order/cac:OrderLine/cac:LineItem/cac:Item/cbc:Description</literal>
</entry></row></tbody></tgroup></table>
<para>This provides a free text description of the line item.</para>
</section>
<section role="item">
<title>Country of origin</title>
<table role="xpath"><title>XPath information</title><tgroup cols="1"><tbody><row><entry role="groups"/><entry role="rows"/><entry role="cols"/><entry role="xpath">
<literal>/po:Order/cac:OrderLine/cac:LineItem/cac:Item/cac:OriginCountry/cbc:Name</literal>
</entry></row></tbody></tgroup></table>
<para>This field is used to provide to country of origin for the line item.</para>
</section>
<section role="item">
<title>Commodity code</title>
<table role="xpath"><title>XPath information</title><tgroup cols="1"><tbody><row><entry role="groups"/><entry role="rows"/><entry role="cols"/><entry role="xpath">
<literal>/po:Order/cac:OrderLine/cac:LineItem/cac:Item/cac:CommodityClassification/cac:CommodityCode</literal>
</entry></row></tbody></tgroup></table>
<para>This field is used to provide the commodity code for the line item.</para>
</section>
<section role="item">
<title>Quantity</title>
<table role="xpath"><title>XPath information</title><tgroup cols="1"><tbody><row><entry role="groups"/><entry role="rows"/><entry role="cols"/><entry role="xpath">
<literal>/po:Order/cac:OrderLine/cac:LineItem/cbc:Quantity</literal>
</entry></row></tbody></tgroup></table>
<para>This field states the number of items ordered for the line item.</para>
</section>
<section role="item">
<title>Unit price</title>
<table role="xpath"><title>XPath information</title><tgroup cols="1"><tbody><row><entry role="groups"/><entry role="rows"/><entry role="cols"/><entry role="xpath">
<literal>/po:Order/cac:OrderLine/cac:LineItem/cac:Item/cac:BasePrice/cbc:PriceAmount</literal>
</entry></row></tbody></tgroup></table>
<para>This field is used to specify the unit price of the line item.</para>
</section>
<section role="item" id="amount">
<title>Amount</title>
<table role="xpath"><title>XPath information</title><tgroup cols="1"><tbody><row><entry role="groups"/><entry role="rows"/><entry role="cols"/><entry role="xpath">
<literal>/po:Order/cac:OrderLine/cac:LineItem/cbc:LineExtensionAmount</literal>
</entry></row></tbody></tgroup></table>
<para>This field states the actual line item amount which will be quantity multiplied by the unit price, the result is not calculated it will be transmitted.</para>
</section>
</section>

<section role="items">
<title>Summary information</title>
<para>Summary information is associated to the entire order and not to any individual line item.</para>
<section role="item">
<title>Notes</title>
<table role="xpath"><title>XPath information</title><tgroup cols="1"><tbody><row><entry role="groups"/><entry role="rows"/><entry role="cols"/><entry role="xpath">
<literal>/po:Order/cbc:Note</literal>
</entry></row>
</tbody></tgroup></table>
<para>This notes field is used for any free text information that relates to the entire order.</para>
</section>
<section role="item">
<title>Total amount</title>
<table role="xpath"><title>XPath information</title><tgroup cols="1"><tbody><row><entry role="groups"/><entry role="rows"/><entry role="cols"/><entry role="xpath">
<literal>/po:Order/po:TransactionCurrencyCode</literal>
</entry></row><row><entry role="groups"/><entry role="rows"/><entry role="cols"/><entry role="xpath">
<literal>/po:Order/cbc:LineExtensionTotalAmount</literal>
</entry></row></tbody></tgroup></table>
<para>Two data fields populate this one form field: the currency and
the total amount.</para>
<para>The total amount is the total of all the individual line items and is not calculated it will be transmitted.</para>
</section>
<section role="item">
<title>Name of signatory</title>
<table role="xpath"><title>XPath information</title><tgroup cols="1"><tbody><row><entry role="groups"/><entry role="rows"/><entry role="cols"/><entry role="xpath">
<literal>/po:Order/cac:BuyerParty/cac:Party/cac:Contact/cbc:Name</literal>
</entry></row>
</tbody></tgroup></table>
<para>This fields identified the name of the signatory.</para>
</section>
<section role="item">
<title>Place and date of issue</title>
<table role="xpath"><title>XPath information</title><tgroup cols="1"><tbody><row><entry role="groups"/><entry role="rows"/><entry role="cols"/><entry role="xpath">
<literal>/po:Order/cac:BuyerParty/cac:Party/cac:Address/cbc:CityName</literal>
</entry></row>
<row><entry role="groups"/><entry role="rows"/><entry role="cols"/><entry role="xpath">
<literal>/po:Order/cac:BuyerParty/cac:Party/cac:Address/cbc:CountrySubentity</literal>
</entry></row>
<row><entry role="groups"/><entry role="rows"/><entry role="cols"/><entry role="xpath">
<literal>/po:Order/cac:BuyerParty/cac:Party/cac:Address/cac:CountrySubentityCode</literal>
</entry></row>
<row><entry role="groups"/><entry role="rows"/><entry role="cols"/><entry role="xpath">
<literal>/po:Order/cbc:IssueDate</literal>
</entry></row></tbody></tgroup></table>
<para>The above fields provide information relating to the date and place of issue of the order.</para>
<para>Note that only one of <literal>cbc:CountrySubentity</literal> and <literal>cac:CountrySubentityCode</literal> need be used, with preference to <literal>cbc:CountrySubentity</literal> if it exists.</para>
</section>
<section role="item">
<title>Signature</title>
<para>This field is not currently being filled automatically as it is a manual entry.</para>
</section>
</section>
<section>
<title>
Continuation page</title>
<para>
The continuation page comprises only a copy of the document identification information described in <xref linkend="main"/> and room for additional line item entries described in <xref linkend="lineitem"/>.</para>
</section>

</article>
