<?xml version="1.0" encoding="utf-8"?>
<!DOCTYPE article [
<!ENTITY % nsuri SYSTEM "nsuri.ent">
%nsuri;
]>
<article>
<title>UN layout formatting specification for UBL Invoice instances</title>
<articleinfo>
<copyright><year>2004</year><holder>OASIS</holder></copyright>
<pubdate>$Date: 2005-05-27 22:24:36 $(UTC)</pubdate>
</articleinfo>
<section>
<title>
Invoice formatting specification</title>
<para>
This formatting specification describes a rendering of the UBL Invoice document model according to the United Nations Layout Key for Trade Documents guidelines for application for the 380 invoice form:</para>
<itemizedlist>
<listitem><para>
380 Commercial Invoice: Document claiming payment for goods supplied under conditions agreed between seller and buyer.</para>
</listitem>
</itemizedlist>
<para>
For a list of all formatting specifications and an overview of the documentation conventions, please visit the <ulink url="../index.html">formatting specification home page</ulink>.</para>
<section>
<title>
Status</title>
<para>
This specification has no formal status at this time.  It should not be considered a reference interpretation of UBL documents.  Feedback is sought from users of stylesheets that implement this formatting specification regarding suggestions for change for consideration by the OASIS UBL committees for incorporation into these formatting specifications.</para>
<para>
Presentational semantics may never be formalized or normative in the UBL project due to differing international requirements and conventions for the presentation of information found in business documents.  This document contains only examples from a few of what will probably be many available UBL stylesheet libraries.</para>
</section>
<section>
<title>

Example rendering</title>
<para>
The following is an example rendering that illustrates the position and decoration of the information items found in an instance of the document type:</para>
<itemizedlist>
<listitem><para>
PDF printable format (A4 page size)</para>
<itemizedlist>
<listitem><para>
<ulink url="pdf/UN380Invoice.Example-a4.pdf"><literal>UN380Invoice.Example-a4.pdf</literal></ulink></para>
</listitem>
</itemizedlist>
</listitem>
<listitem><para>
PDF printable format (US-letter page size)</para>
<itemizedlist>
<listitem><para>
<ulink url="pdf/UN380Invoice.Example-us.pdf"><literal>UN380Invoice.Example-us.pdf</literal></ulink></para>
</listitem>
</itemizedlist>
</listitem>
<!--
<listitem><para>
PDF printable format (US letter page size)</para>
<itemizedlist>
<listitem><para>
<ulink url="samples/UN632ReceiptAdvice.UN632ReceiptAdviceInstance1-us.pdf"><literal>UN632ReceiptAdvice.UN632ReceiptAdviceInstance1-us.pdf</literal></ulink></para>
</listitem>
</itemizedlist>
</listitem>
<listitem><para>
HTML browser format</para>
<itemizedlist>
<listitem><para>
<ulink url="samples/UN632ReceiptAdvice.UN632ReceiptAdviceInstance1.html"><literal>UN632ReceiptAdvice.UN632ReceiptAdviceInstance1.html</literal></ulink></para>
</listitem>

</itemizedlist>
</listitem>
-->
</itemizedlist>
</section>
<section>
<title>
Layout order and information</title>
<para>
Items in this formatting specification are ordered roughly from the laid out fields on the form in the order left-to-right, top to bottom.</para>
<para>
Certain descriptions are verbatim quotes from the United Nations guidelines document.</para>
<para>
Important: the rendering of a number of fields is very simplified, reflecting a Western European interpretation of a subset of fields (as in names and addresses).  User requirements need to be better understood for the level of granularity in these formatting specifications.</para>
</section>
<section>
<title>
Namespaces</title>
<para>
The following namespaces are mapped to the prefixes in the expressions below:</para>
<itemizedlist>
<listitem><para>
<literal>&ns-in;</literal></para>
</listitem>
<listitem><para>
<literal>&ns-cac;</literal></para>
</listitem>
<listitem><para>
<literal>&ns-cbc;</literal></para>
</listitem>
</itemizedlist>
</section>
</section>
<section role="items">
<title>
Miscellaneous information</title>
<para>
The following information is unrelated to the visible fields of the form.</para>
<section role="item">
<title>
Document header information</title>
<table role="xpath"><title>XPath information</title><tgroup cols="1"><tbody><row><entry role="groups"/><entry role="rows"/><entry role="cols"/><entry role="xpath"><literal>/in:Invoice/in:ID</literal></entry></row><row><entry role="groups"/><entry role="rows"/><entry role="cols"/><entry role="xpath"><literal>/in:Invoice/in:TaxPointDate</literal></entry></row><row><entry role="groups"/><entry role="rows"/><entry role="cols"/><entry role="xpath"><literal>/in:Invoice/cac:OrderReference/cac:SellersID</literal></entry></row></tbody></tgroup></table>
<para>
This information shows up in the window-title bar of the HTML browser, and in the document title supported by some XSL-FO processors.</para>
</section>
</section>
<section role="items" id="main">
<title>Main document and party information</title>
<para>Header information is associated with the form as a whole, not
to the individual items of goods.</para>
<section role="item">
<title>Seller</title>
<table role="xpath"><title>XPath information</title><tgroup cols="1"><tbody><row><entry role="groups"/><entry role="rows"/><entry role="cols"/><entry role="xpath">
<literal>/in:Invoice/cac:SellerParty/cac:Party/cac:PartyName/cbc:Name</literal>
</entry></row><row><entry role="groups"/><entry role="rows"/><entry role="cols"/><entry role="xpath">
<literal>/in:Invoice/cac:SellerParty/cac:Party/cac:Address/cbc:BuildingNumber</literal>
</entry></row><row><entry role="groups"/><entry role="rows"/><entry role="cols"/><entry role="xpath">


<literal>/in:Invoice/cac:SellerParty/cac:Party/cac:Address/cbc:StreetName</literal>
</entry></row><row><entry role="groups"/><entry role="rows"/><entry role="cols"/><entry role="xpath">


<literal>/in:Invoice/cac:SellerParty/cac:Party/cac:Address/cbc:CityName</literal>
</entry></row><row><entry role="groups"/><entry role="rows"/><entry role="cols"/><entry role="xpath">
<literal>/in:Invoice/cac:SellerParty/cac:Party/cac:Address/cbc:CountrySubentity</literal>
</entry></row><row><entry role="groups"/><entry role="rows"/><entry role="cols"/><entry role="xpath">
<literal>/in:Invoice/cac:SellerParty/cac:Party/cac:Address/cac:CountrySubentityCode</literal>
</entry></row><row><entry role="groups"/><entry role="rows"/><entry role="cols"/><entry role="xpath">
<literal>/in:Invoice/cac:SellerParty/cac:Party/cac:Address/cbc:PostalZone</literal>
</entry></row><row><entry role="groups"/><entry role="rows"/><entry role="cols"/><entry role="xpath">
<literal>/in:Invoice/cac:SellerParty/cac:Party/cac:Address/cac:Country/cbc:Name</literal>
</entry></row></tbody></tgroup></table>
<para>This field is intended to show the name and address of the
sender of goods or the originator of the documents, as the case may
be.</para>
<para>Note that only one of <literal>cbc:CountrySubentity</literal> and <literal>cac:CountrySubentityCode</literal> need be used, with preference to <literal>cbc:CountrySubentity</literal> if it exists.</para>
</section>
<section role="item">
<title>Invoice number</title>
<table role="xpath"><title>XPath information</title><tgroup cols="1"><tbody><row><entry role="groups"/><entry role="rows"/><entry role="cols"/><entry role="xpath">
<literal>/in:Invoice/in:ID</literal>
</entry></row></tbody></tgroup></table>
<para>This number is a unique number assigned to the invoice by the seller.</para>
</section>
<section role="item">
<title>Invoice date (tax point)</title>
<table role="xpath"><title>XPath information</title><tgroup cols="1"><tbody><row><entry role="groups"/><entry role="rows"/><entry role="cols"/><entry role="xpath">
<literal>/in:Invoice/in:TaxPointDate</literal>
</entry></row></tbody></tgroup></table>
<para>This field states the date of the invoice for tax purposes</para>
</section>
<section role="item">
<title>Seller's reference</title>
<table role="xpath"><title>XPath information</title><tgroup cols="1"><tbody><row><entry role="groups"/><entry role="rows"/><entry role="cols"/><entry role="xpath">
<literal>/in:Invoice/cac:OrderReference/cac:SellersID</literal>
</entry></row></tbody></tgroup></table>
<para>This field provides a seller assigned reference to the order corresponding to this invoice.</para>
</section>
<section role="item">
<title>Buyer's reference</title>
<table role="xpath"><title>XPath information</title><tgroup cols="1"><tbody><row><entry role="groups"/><entry role="rows"/><entry role="cols"/><entry role="xpath">
<literal>/in:Invoice/cac:OrderReference/cac:BuyersID</literal>
</entry></row></tbody></tgroup></table>
<para>This field provides the buyer's reference to the original order.</para>
</section>
<section role="item">
<title>Purchase order date</title>
<table role="xpath"><title>XPath information</title><tgroup cols="1"><tbody><row><entry role="groups"/><entry role="rows"/><entry role="cols"/><entry role="xpath">
<literal>/in:Invoice/cac:OrderReference/cbc:IssueDate</literal>
</entry></row></tbody></tgroup></table>
<para>This fields provides the issue date of the original order</para>
</section>
<section role="item">
<title>Consignee</title>
<table role="xpath"><title>XPath information</title><tgroup cols="1"><tbody><row><entry role="groups"/><entry role="rows"/><entry role="cols"/><entry role="xpath">
<literal>/in:Invoice/cac:BuyerParty/cac:Party/cac:PartyName/cbc:Name</literal>
</entry></row><row><entry role="groups"/><entry role="rows"/><entry role="cols"/><entry role="xpath">
<literal>/in:Invoice/cac:Delivery/cac:DeliveryAddress/cbc:BuildingNumber</literal>
</entry></row><row><entry role="groups"/><entry role="rows"/><entry role="cols"/><entry role="xpath">

<literal>/in:Invoice/cac:Delivery/cac:DeliveryAddress/cbc:StreetName</literal>
</entry></row><row><entry role="groups"/><entry role="rows"/><entry role="cols"/><entry role="xpath">

<literal>/in:Invoice/cac:Delivery/cac:DeliveryAddress/cbc:CityName</literal>
</entry></row><row><entry role="groups"/><entry role="rows"/><entry role="cols"/><entry role="xpath">
<literal>/in:Invoice/cac:Delivery/cac:DeliveryAddress/cbc:CountrySubentity</literal>
</entry></row><row><entry role="groups"/><entry role="rows"/><entry role="cols"/><entry role="xpath">
<literal>/in:Invoice/cac:Delivery/cac:DeliveryAddress/cac:CountrySubentityCode</literal>
</entry></row><row><entry role="groups"/><entry role="rows"/><entry role="cols"/><entry role="xpath">
<literal>/in:Invoice/cac:Delivery/cac:DeliveryAddress/cbc:PostalZone</literal>
</entry></row><row><entry role="groups"/><entry role="rows"/><entry role="cols"/><entry role="xpath">
<literal>/in:Invoice/cac:Delivery/cac:DeliveryAddress/cac:Country/cbc:Name</literal>
</entry></row></tbody></tgroup></table>


<para>These fields are used to provide the name and address of the receiver of the goods involved in the transaction.</para>
<para>Note that only one of <literal>cbc:CountrySubentity</literal> and <literal>cac:CountrySubentityCode</literal> need be used, with preference to <literal>cbc:CountrySubentity</literal> if it exists.</para>


</section>
<section role="item" id="buyer">
<title>Buyer</title>
<table role="xpath"><title>XPath information</title><tgroup cols="1"><tbody><row><entry role="groups"/><entry role="rows"/><entry role="cols"/><entry role="xpath">
<literal>/in:Invoice/cac:BuyerParty/cac:Party/cac:PartyName/cbc:Name</literal>
</entry></row><row><entry role="groups"/><entry role="rows"/><entry role="cols"/><entry role="xpath">
<literal>/in:Invoice/cac:BuyerParty/cac:Party/cac:Address/cbc:BuildingNumber</literal>
</entry></row><row><entry role="groups"/><entry role="rows"/><entry role="cols"/><entry role="xpath">

<literal>/in:Invoice/cac:BuyerParty/cac:Party/cac:Address/cbc:StreetName</literal>
</entry></row><row><entry role="groups"/><entry role="rows"/><entry role="cols"/><entry role="xpath">

<literal>/in:Invoice/cac:BuyerParty/cac:Party/cac:Address/cbc:CityName</literal>
</entry></row><row><entry role="groups"/><entry role="rows"/><entry role="cols"/><entry role="xpath">
<literal>/in:Invoice/cac:BuyerParty/cac:Party/cac:Address/cbc:CountrySubentity</literal>
</entry></row><row><entry role="groups"/><entry role="rows"/><entry role="cols"/><entry role="xpath">
<literal>/in:Invoice/cac:BuyerParty/cac:Party/cac:Address/cac:CountrySubentityCode</literal>
</entry></row><row><entry role="groups"/><entry role="rows"/><entry role="cols"/><entry role="xpath">
<literal>/in:Invoice/cac:BuyerParty/cac:Party/cac:Address/cbc:PostalZone</literal>
</entry></row><row><entry role="groups"/><entry role="rows"/><entry role="cols"/><entry role="xpath">
<literal>/in:Invoice/cac:BuyerParty/cac:Party/cac:Address/cac:Country/cbc:Name</literal>
</entry></row></tbody></tgroup></table>
<para>These fields are used to provide the name and address of the buyer of the goods involved in the transaction.</para>
<para>Note that only one of <literal>cbc:CountrySubentity</literal> and <literal>cac:CountrySubentityCode</literal> need be used, with preference to <literal>cbc:CountrySubentity</literal> if it exists.</para>
</section>
<section role="item">
<title>Buyer bank</title>
<table role="xpath"><title>XPath information</title><tgroup cols="1"><tbody><row><entry role="groups"/><entry role="rows"/><entry role="cols"/><entry role="xpath">
<literal>/in:Invoice/cac:PaymentMeans/cac:PayerFinancialAccount/cac:FinancialInstitutionBranch/cac:FinancialInstitution/cbc:Name</literal>
</entry></row><row><entry role="groups"/><entry role="rows"/><entry role="cols"/><entry role="xpath">
<literal>/in:Invoice/cac:PaymentMeans/cac:PayerFinancialAccount/cac:FinancialInstitutionBranch/cac:FinancialInstitution/cac:Address/cbc:CityName</literal>
</entry></row><row><entry role="groups"/><entry role="rows"/><entry role="cols"/><entry role="xpath">
<literal>/in:Invoice/cac:PaymentMeans/cac:PayerFinancialAccount/cac:FinancialInstitutionBranch/cac:FinancialInstitution/cac:Address/cbc:CountrySubentity</literal>
</entry></row><row><entry role="groups"/><entry role="rows"/><entry role="cols"/><entry role="xpath">
<literal>/in:Invoice/cac:PaymentMeans/cac:PayerFinancialAccount/cac:FinancialInstitutionBranch/cac:FinancialInstitution/cac:Address/cac:CountrySubentityCode</literal>
</entry></row><row><entry role="groups"/><entry role="rows"/><entry role="cols"/><entry role="xpath">
<literal>/in:Invoice/cac:PaymentMeans/cac:PayerFinancialAccount/cac:FinancialInstitutionBranch/cac:FinancialInstitution/cac:Address/cbc:PostalZone</literal>
</entry></row><row><entry role="groups"/><entry role="rows"/><entry role="cols"/><entry role="xpath">
<literal>/in:Invoice/cac:PaymentMeans/cac:PayerFinancialAccount/cac:FinancialInstitutionBranch/cac:FinancialInstitution/cac:Address/cac:Country/cbc:Name</literal>
</entry></row></tbody></tgroup></table>
<para>These fields provide the name and address of the buyer's bank.</para>
<para>Note that only one of <literal>cbc:CountrySubentity</literal> and <literal>cac:CountrySubentityCode</literal> need be used, with preference to <literal>cbc:CountrySubentity</literal> if it exists.</para>
</section>
</section>
<section>
<title>
Additional document and party information</title>
<section role="item">
<title>Country of origin</title>
<para>At this time this field is not being used in the invoice.</para>
</section>
<section role="item">
<title>Country of destination</title>
<para>At this time this field is not being used in the invoice.</para>
</section>
</section>
<section role="items">
<title>Delivery and transport</title>
<para>Transportation fields are header-like information and are applicable to the
entire order.</para>
<section role="item">
<title>Mode of transport</title>

<para>At this time this field is not being used in the invoice.</para>
</section>
<section role="item">
<title>Date of despatch</title>
<para>At this time this field is not being used in the invoice.</para>
</section>
<section role="item">
<title>Means of transport</title>
<para>At this time this field is not being used in the invoice.</para>
</section>
<section role="item">
<title>Place of despatch</title>
<para>At this time this field is not being used in the invoice.</para>
</section>
<section role="item">
<title>Vessel/flight no.</title>
<para>At this time this field is not being used in the invoice.</para>
</section>
<section role="item">
<title>Port of loading</title>
<para>At this time this field is not being used in the invoice.</para>
</section>
<section role="item">
<title>Port of discharge</title>
<para>At this time this field is not being used in the invoice.</para>
</section>
<section role="item">
<title>Place of delivery</title>
<para>At this time this field is not being used in the invoice.</para>
</section>
</section>

<section role="items">
<title>Financial information</title>
<para>The financial information provides details of the buyer and seller account details.</para>
<section role="item">
<title>Terms of payment</title>
<table role="xpath"><title>XPath information</title><tgroup cols="1"><tbody><row><entry role="groups"/><entry role="rows"/><entry role="cols"/><entry role="xpath">
<literal>/in:Invoice/cac:PaymentTerms/cac:PenaltyPeriod/cbc:DurationMeasure</literal>
</entry></row><row><entry role="groups"/><entry role="rows"/><entry role="cols"/><entry role="xpath">
<literal>/in:Invoice/cac:PaymentTerms/cac:PenaltyPeriod/cbc:DurationMeasure/@measureUnitCode</literal>
</entry></row><row><entry role="groups"/><entry role="rows"/><entry role="cols"/><entry role="xpath">
<literal>/in:Invoice/cac:PaymentTerms/cac:PenaltyPeriod/cbc:StartDateTime</literal>
</entry></row><row><entry role="groups"/><entry role="rows"/><entry role="cols"/><entry role="xpath">
<literal>/in:Invoice/cac:PaymentTerms/cbc:Note</literal>
</entry></row></tbody></tgroup></table>
<para>These fields provide information relating to the payment terms.</para>
</section>
<section role="item">
<title>Currency of payment</title>
<table role="xpath"><title>XPath information</title><tgroup cols="1"><tbody><row><entry role="groups"/><entry role="rows"/><entry role="cols"/><entry role="xpath">
<literal>/in:Invoice/in:InvoiceCurrencyCode</literal>
</entry></row></tbody></tgroup></table>
<para>This specifies the payment currency for the entire invoice.</para>
</section>
<section role="item">
<title>Seller's bank</title>
<table role="xpath"><title>XPath information</title><tgroup cols="1"><tbody><row><entry role="groups"/><entry role="rows"/><entry role="cols"/><entry role="xpath">
<literal>/in:Invoice/cac:PaymentMeans/cac:PayeeFinancialAccount/cac:FinancialInstitutionBranch/cac:FinancialInstitution/cbc:Name</literal>
</entry></row><row><entry role="groups"/><entry role="rows"/><entry role="cols"/><entry role="xpath">
<literal>/in:Invoice/cac:PaymentMeans/cac:PayeeFinancialAccount/cac:FinancialInstitutionBranch/cac:FinancialInstitution/cac:Address/cbc:BuildingNumber</literal>
</entry></row><row><entry role="groups"/><entry role="rows"/><entry role="cols"/><entry role="xpath">

<literal>/in:Invoice/cac:PaymentMeans/cac:PayeeFinancialAccount/cac:FinancialInstitutionBranch/cac:FinancialInstitution/cac:Address/cbc:StreetName</literal>
</entry></row><row><entry role="groups"/><entry role="rows"/><entry role="cols"/><entry role="xpath">

<literal>/in:Invoice/cac:PaymentMeans/cac:PayeeFinancialAccount/cac:FinancialInstitutionBranch/cac:FinancialInstitution/cac:Address/cbc:CityName</literal>
</entry></row><row><entry role="groups"/><entry role="rows"/><entry role="cols"/><entry role="xpath">
<literal>/in:Invoice/cac:PaymentMeans/cac:PayeeFinancialAccount/cac:FinancialInstitutionBranch/cac:FinancialInstitution/cac:Address/cbc:CountrySubentity</literal>
</entry></row><row><entry role="groups"/><entry role="rows"/><entry role="cols"/><entry role="xpath">
<literal>/in:Invoice/cac:PaymentMeans/cac:PayeeFinancialAccount/cac:FinancialInstitutionBranch/cac:FinancialInstitution/cac:Address/cac:CountrySubentityCode</literal>
</entry></row><row><entry role="groups"/><entry role="rows"/><entry role="cols"/><entry role="xpath">
<literal>/in:Invoice/cac:PaymentMeans/cac:PayeeFinancialAccount/cac:FinancialInstitutionBranch/cac:FinancialInstitution/cac:Address/cbc:PostalZone</literal>
</entry></row><row><entry role="groups"/><entry role="rows"/><entry role="cols"/><entry role="xpath">
<literal>/in:Invoice/cac:PaymentMeans/cac:PayeeFinancialAccount/cac:FinancialInstitutionBranch/cac:FinancialInstitution/cac:Address/cac:Country/cbc:Name</literal>
</entry></row></tbody></tgroup></table>
<para>These fields provide the name and address of the seller's bank.</para>
<para>Note that only one of <literal>cbc:CountrySubentity</literal> and <literal>cac:CountrySubentityCode</literal> need be used, with preference to <literal>cbc:CountrySubentity</literal> if it exists.</para>
</section>
<section role="item">
<title>Sort code</title>
<table role="xpath"><title>XPath information</title><tgroup cols="1"><tbody><row><entry role="groups"/><entry role="rows"/><entry role="cols"/><entry role="xpath">
<literal>/in:Invoice/cac:PaymentMeans/cac:PayeeFinancialAccount/cac:FinancialInstitutionBranch/cac:ID</literal>
</entry></row></tbody></tgroup></table>
<para>This field contains the sort code for the seller's bank.</para>
</section>
<section role="item">
<title>Account number</title>
<table role="xpath"><title>XPath information</title><tgroup cols="1"><tbody><row><entry role="groups"/><entry role="rows"/><entry role="cols"/><entry role="xpath">
<literal>/in:Invoice/cac:PaymentMeans/cac:PayeeFinancialAccount/cac:ID</literal>
</entry></row></tbody></tgroup></table>
<para>This field contains the seller's account number.</para>
</section>
<section role="item">
<title>Account name</title>
<table role="xpath"><title>XPath information</title><tgroup cols="1"><tbody><row><entry role="groups"/><entry role="rows"/><entry role="cols"/><entry role="xpath">
<literal>/in:Invoice/cac:PaymentMeans/cac:PayeeFinancialAccount/cbc:Name</literal>
</entry></row></tbody></tgroup></table>
<para>This field contains the seller's account name.</para>
</section>
</section>


<section role="items">
<title>Consignment information</title>
<para>The consignment information holds generic details and totals relating to all the goods items in the invoice.</para>
<section role="item">
<title>Shipping marks; container number</title>
<para>At this time this field is not being used in the invoice.</para>
</section>
<section role="item">
<title>Number and kind of packages; description of goods</title>
<para>At this time this field is not being used in the Invoice.</para>
</section>
<section role="item">
<title>Total gross weight (kg)</title>
<para>At this time this field is not being used in the Invoice.</para>
</section>
<section role="item">
<title>Total cube (m3)</title>
<para>At this time this field is not being used in the Invoice.</para>
</section>
<section role="item">
<title>Total net weight (kg)</title>
<para>At this time this field is not being used in the Invoice.</para>
</section>
</section><section role="items" id="lineitem">
<title>Line item information</title>
<para>Line item information is associated with the individual item of goods in the invoice</para>
<section role="item">
<title>Item / References</title>
<table role="xpath"><title>XPath information</title><tgroup cols="1"><tbody>
<row><entry role="groups"/><entry role="rows"/><entry role="cols"/><entry role="xpath">
<literal>/in:Invoice/cac:InvoiceLine/cac:OrderLineReference/cac:BuyersLineID</literal>
</entry></row>
<row><entry role="groups"/><entry role="rows"/><entry role="cols"/><entry role="xpath">
<literal>/in:Invoice/cac:InvoiceLine/cac:OrderLineReference/cac:SellersLineID</literal>
</entry></row></tbody></tgroup></table>
<para>The first reference is the buyer's assigned reference to the line item.</para>
<para>The second reference is the seller's assigned reference to the line item.</para>
</section>
<section role="item">
<title>Description</title>
<table role="xpath"><title>XPath information</title><tgroup cols="1"><tbody><row><entry role="groups"/><entry role="rows"/><entry role="cols"/><entry role="xpath">
<literal>/in:Invoice/cac:InvoiceLine/cac:Item/cbc:Description</literal>
</entry></row></tbody></tgroup></table>
<para>This provides a free text description of the line item.</para>
</section>
<section role="item">
<title>Country of origin</title>
<table role="xpath"><title>XPath information</title><tgroup cols="1"><tbody><row><entry role="groups"/><entry role="rows"/><entry role="cols"/><entry role="xpath">
<literal>/in:Invoice/cac:InvoiceLine/cac:Item/cac:OriginCountry/cbc:Name</literal>
</entry></row></tbody></tgroup></table>
<para>This field is used to provide to country of origin for the line item.</para>
</section>
<section role="item">
<title>Commodity code</title>
<table role="xpath"><title>XPath information</title><tgroup cols="1"><tbody><row><entry role="groups"/><entry role="rows"/><entry role="cols"/><entry role="xpath">
<literal>/in:Invoice/cac:InvoiceLine/cac:Item/cac:CommodityClassification/cac:CommodityCode</literal>
</entry></row></tbody></tgroup></table>
<para>This field is used to provide the commodity code for the line item.</para>
</section>
<section role="item">
<title>Quantity</title>
<table role="xpath"><title>XPath information</title><tgroup cols="1"><tbody><row><entry role="groups"/><entry role="rows"/><entry role="cols"/><entry role="xpath">
<literal>/in:Invoice/cac:InvoiceLine/cbc:InvoicedQuantity</literal>
</entry></row></tbody></tgroup></table>
<para>This fields states the number of items invoiced for the line item.</para>
</section>
<section role="item">
<title>Unit price</title>
<table role="xpath"><title>XPath information</title><tgroup cols="1"><tbody><row><entry role="groups"/><entry role="rows"/><entry role="cols"/><entry role="xpath">
<literal>/in:Invoice/cac:InvoiceLine/cac:BasePrice/cbc:PriceAmount</literal>
</entry></row></tbody></tgroup></table>
<para>This field is used to specify the unit price of the line item.</para>
</section>
<section role="item">
<title>Amount</title>
<table role="xpath"><title>XPath information</title><tgroup cols="1"><tbody>
<row><entry role="groups"/><entry role="rows"/><entry role="cols"/><entry role="xpath">
<literal>/in:Invoice/cac:InvoiceLine/cbc:LineExtensionAmount</literal>
</entry></row>
</tbody></tgroup></table>
<para>This field states the actual line item amount which will be quantity multiplied by the unit price, the result is not calculated it will be transmitted.</para>
</section>
</section>

<section role="items">
<title>Summary information</title>
<para>Summary information is associated to the entire invoice and not to any individual line item.</para>
<section role="item">
<title>Clauses and / or Notes</title>
<table role="xpath"><title>XPath information</title><tgroup cols="1"><tbody><row><entry role="groups"/><entry role="rows"/><entry role="cols"/><entry role="xpath">
<literal>/in:Invoice/cbc:Note</literal>
</entry></row></tbody></tgroup></table>
<para>This notes field is used for any free text information that relates to the entire invoice, for specific invoice clauses or declarations.</para>
</section>
<section role="item">
<title>Total amount</title>
<table role="xpath"><title>XPath information</title><tgroup cols="1"><tbody><row><entry role="groups"/><entry role="rows"/><entry role="cols"/><entry role="xpath">
<literal>/in:Invoice/in:InvoiceCurrencyCode</literal>
</entry></row><row><entry role="groups"/><entry role="rows"/><entry role="cols"/><entry role="xpath">
<literal>/in:Invoice/cac:LegalTotal/cbc:LineExtensionTotalAmount</literal>
</entry></row></tbody></tgroup></table>
<para>Two data fields populate this one form field: the currency and
the total amount.</para>
<para>NB The total amount is the total of all the individual line items and is not calculated it will be transmitted</para>
</section>
<section role="item">
<title>Total tax amount</title>
<table role="xpath"><title>XPath information</title><tgroup cols="1"><tbody>
<row><entry role="groups"/><entry role="rows"/><entry role="cols"/><entry role="xpath">
<literal>/in:Invoice/cac:TaxTotal/cbc:TotalTaxAmount</literal>
</entry></row></tbody></tgroup></table>
<para>This fields provides details of any tax associated to the entire invoice, this amount will not be calculated it will be transmitted</para>
</section>
<section role="item">
<title>Total amount due</title>
<table role="xpath"><title>XPath information</title><tgroup cols="1"><tbody><row><entry role="groups"/><entry role="rows"/><entry role="cols"/><entry role="xpath">
<literal>/in:Invoice/in:InvoiceCurrencyCode</literal>
</entry></row><row><entry role="groups"/><entry role="rows"/><entry role="cols"/><entry role="xpath">
<literal>/in:Invoice/cac:LegalTotal/cbc:TaxInclusiveTotalAmount</literal>
</entry></row></tbody></tgroup></table>
<para>Two data fields populate this one form field: the currency and
the total amount.</para>
<para>This fields specifies the amount to be paid and will not be calculated it will be transmitted.</para>
</section>
<section role="item">
<title>Name of signatory</title>
<table role="xpath"><title>XPath information</title><tgroup cols="1"><tbody>
<row><entry role="groups"/><entry role="rows"/><entry role="cols"/><entry role="xpath">
<literal>/in:Invoice/cac:SellerParty/cac:Party/cac:Contact/cbc:Name</literal>
</entry></row>
</tbody></tgroup></table>
<para>This fields identified the name of the signatory.</para>
</section>
<section role="item">
<title>Place and date of issue</title>
<table role="xpath"><title>XPath information</title><tgroup cols="1"><tbody>
<row><entry role="groups"/><entry role="rows"/><entry role="cols"/><entry role="xpath">
<literal>/in:Invoice/cac:SellerParty/cac:Party/cac:Address/cbc:CityName</literal>
</entry></row>
<row><entry role="groups"/><entry role="rows"/><entry role="cols"/><entry role="xpath">
<literal>/in:Invoice/cac:SellerParty/cac:Party/cac:Address/cbc:CountrySubentity</literal>
</entry></row><row><entry role="groups"/><entry role="rows"/><entry role="cols"/><entry role="xpath">
<literal>/in:Invoice/cac:SellerParty/cac:Party/cac:Address/cac:CountrySubentityCode</literal>
</entry></row><row><entry role="groups"/><entry role="rows"/><entry role="cols"/><entry role="xpath">
<literal> /in:Invoice/cbc:IssueDate</literal>
</entry></row></tbody></tgroup></table>
<para>The above fields provide information relating to the date and place of issue of the invoice.</para>
<para>Note that only one of <literal>cbc:CountrySubentity</literal> and <literal>cac:CountrySubentityCode</literal> need be used, with preference to <literal>cbc:CountrySubentity</literal> if it exists.</para>
</section>
<section role="item">
<title>Signature</title>
<para>This field is not currently being filled automatically as it is a manual entry.</para>
</section>
</section>
<section>
<title>
Continuation page</title>
<para>
The continuation page comprises only a copy of the document identification information described in <xref linkend="main"/> and room for additional line item entries described in <xref linkend="lineitem"/>.</para>
</section>

</article>
