<?xml version="1.0" encoding="utf-8"?>
<!DOCTYPE article [
<!ENTITY % nsuri SYSTEM "nsuri.ent">
%nsuri;
]>
<article>
<title>UN layout formatting specification for UBL Receipt Advice instances</title>
<articleinfo>
<copyright><year>2004</year><holder>OASIS</holder></copyright>
<pubdate>$Date: 2005-05-27 22:24:39 $(UTC)</pubdate>
</articleinfo>
<section>
<title>
Receipt advice formatting specification</title>
<para>
This formatting specification describes a rendering of the UBL Receipt Advice document model numbered according to the United Nations Layout Key for Trade Documents guidelines for application for the 632 Goods Receipt form:</para>
<itemizedlist>
<listitem><para>
632 Goods receipt: Document issued by a port, warehouse/shed, or terminal operator acknowledging receipt of goods specified therein on conditions stated or referred to in the document.</para>
</listitem>
</itemizedlist>
<para>
For a list of all formatting specifications and an overview of the documentation conventions, please visit the <ulink url="../index.html">formatting specification home page</ulink>.</para>
<section>
<title>
Status</title>
<para>
This specification has no formal status at this time.  It should not be considered a reference interpretation of UBL documents.  Feedback is sought from users of stylesheets that implement this formatting specification regarding suggestions for change for consideration by the OASIS UBL committees for incorporation into these formatting specifications.</para>
<para>
Presentational semantics may never be formalized or normative in the UBL project due to differing international requirements and conventions for the presentation of information found in business documents.  This document contains only examples from a few of what will probably be many available UBL stylesheet libraries.</para>
</section>
<section>
<title>
Example rendering</title>
<para>
The following is an example rendering that illustrates the position and decoration of the information items found in an instance of the document type:</para>
<itemizedlist>
<listitem><para>
PDF printable format (A4 page size)</para>
<itemizedlist>
<listitem><para>
<ulink url="pdf/UN632ReceiptAdvice.Example-a4.pdf"><literal>UN632ReceiptAdvice.Example-a4.pdf</literal></ulink></para>
</listitem>
</itemizedlist>
</listitem>
<listitem><para>
PDF printable format (US-letter page size)</para>
<itemizedlist>
<listitem><para>
<ulink url="pdf/UN632ReceiptAdvice.Example-us.pdf"><literal>UN632ReceiptAdvice.Example-us.pdf</literal></ulink></para>
</listitem>
</itemizedlist>
</listitem>
<!--
<listitem><para>
PDF printable format (US letter page size)</para>
<itemizedlist>
<listitem><para>
<ulink url="samples/UN632ReceiptAdvice.UN632ReceiptAdviceInstance1-us.pdf"><literal>UN632ReceiptAdvice.UN632ReceiptAdviceInstance1-us.pdf</literal></ulink></para>
</listitem>
</itemizedlist>
</listitem>
<listitem><para>
HTML browser format</para>
<itemizedlist>
<listitem><para>
<ulink url="samples/UN632ReceiptAdvice.UN632ReceiptAdviceInstance1.html"><literal>UN632ReceiptAdvice.UN632ReceiptAdviceInstance1.html</literal></ulink></para>
</listitem>
</itemizedlist>
</listitem>
-->
</itemizedlist>
</section>
<section>
<title>
Layout order and information</title>
<para>

Items in this formatting specification are ordered roughly from the laid out fields on the form in the order left-to-right, top to bottom.</para>
<para>

Certain descriptions are verbatim quotes from the United Nations guidelines document.</para>
<para>
Important: the rendering of a number of fields is very simplified, reflecting a Western European interpretation of a subset of fields (as in names and addresses).  User requirements need to be better understood for the level of granularity in these formatting specifications.</para>
</section>
<section>
<title>
Namespaces</title>
<para>
The following namespaces are mapped to the prefixes in the expressions below:</para>
<itemizedlist>
<listitem><para>
<literal>&ns-ra;</literal></para>
</listitem>
<listitem><para>
<literal>&ns-cac;</literal></para>
</listitem>
<listitem><para>
<literal>&ns-cbc;</literal></para>
</listitem>
</itemizedlist>
</section>
</section>
<section role="items">
<title>
Miscellaneous information</title>
<para>
The following information is unrelated to the visible fields of the form.</para>
<section role="item">
<title>
Document header information</title>
<table role="xpath"><title>XPath information</title><tgroup cols="1"><tbody><row><entry role="groups"/><entry role="rows"/><entry role="cols"/><entry role="xpath"><literal>/ra:ReceiptAdvice/ra:ID</literal></entry></row><row><entry role="groups"/><entry role="rows"/><entry role="cols"/><entry role="xpath"><literal>/ra:ReceiptAdvice/cbc:IssueDate</literal></entry></row></tbody></tgroup></table>
<para>
This information shows up in the window-title bar of the HTML browser, and in the document title supported by some XSL-FO processors.</para>
</section>
</section>
<section role="items" id="main">
<title>Main document and party information</title>
<para>Header information is associated with the form as a whole, not
to the individual items of goods.</para>
<section role="item">
<title>Seller</title>
<table role="xpath"><title>XPath information</title><tgroup cols="1"><tbody><row><entry role="groups"/><entry role="rows"/><entry role="cols"/><entry role="xpath">
<literal>/ra:ReceiptAdvice/cac:SellerParty/cac:Party/cac:PartyName/cbc:Name</literal>
</entry></row><row><entry role="groups"/><entry role="rows"/><entry role="cols"/><entry role="xpath">
<literal>/ra:ReceiptAdvice/cac:SellerParty/cac:Party/cac:Address/cbc:BuildingNumber</literal>
</entry></row><row><entry role="groups"/><entry role="rows"/><entry role="cols"/><entry role="xpath">
<literal>/ra:ReceiptAdvice/cac:SellerParty/cac:Party/cac:Address/cbc:StreetName</literal>
</entry></row><row><entry role="groups"/><entry role="rows"/><entry role="cols"/><entry role="xpath">


<literal>/ra:ReceiptAdvice/cac:SellerParty/cac:Party/cac:Address/cbc:CityName</literal>
</entry></row><row><entry role="groups"/><entry role="rows"/><entry role="cols"/><entry role="xpath">
<literal>/ra:ReceiptAdvice/cac:SellerParty/cac:Party/cac:Address/cbc:CountrySubentity</literal>
</entry></row><row><entry role="groups"/><entry role="rows"/><entry role="cols"/><entry role="xpath">
<literal>/ra:ReceiptAdvice/cac:SellerParty/cac:Party/cac:Address/cac:CountrySubentityCode</literal>
</entry></row><row><entry role="groups"/><entry role="rows"/><entry role="cols"/><entry role="xpath">
<literal>/ra:ReceiptAdvice/cac:SellerParty/cac:Party/cac:Address/cbc:PostalZone</literal>
</entry></row><row><entry role="groups"/><entry role="rows"/><entry role="cols"/><entry role="xpath">
<literal>/ra:ReceiptAdvice/cac:SellerParty/cac:Party/cac:Address/cac:Country/cbc:Name</literal>
</entry></row></tbody></tgroup></table>
<para>This field is intended to show the name and address of the
sender of goods or the originator of the documents, as the case may
be.</para>
<para>Note that only one of <literal>cbc:CountrySubentity</literal> and <literal>cac:CountrySubentityCode</literal> need be used, with preference to <literal>cbc:CountrySubentity</literal> if it exists.</para>
</section>
<section role="item">
<title>Receipt advice reference</title>
<table role="xpath"><title>XPath information</title><tgroup cols="1"><tbody><row><entry role="groups"/><entry role="rows"/><entry role="cols"/><entry role="xpath">
<literal>/ra:ReceiptAdvice/ra:ID</literal>
</entry></row></tbody></tgroup></table>
<para>This number is a unique number assigned to the receipt advice by the buyer.</para>
</section>

<section role="item">
<title>Despatch advice reference</title>
<table role="xpath"><title>XPath information</title><tgroup cols="1"><tbody><row><entry role="groups"/><entry role="rows"/><entry role="cols"/><entry role="xpath">
<literal>/ra:ReceiptAdvice/ra:DespatchDocumentReference/cac:ID</literal>
</entry></row></tbody></tgroup></table>
<para>This number is the unique number assigned to the corresponding despatch advice by the seller.</para>
</section>
<section role="item">
<title>Date</title>
<table role="xpath"><title>XPath information</title><tgroup cols="1"><tbody><row><entry role="groups"/><entry role="rows"/><entry role="cols"/><entry role="xpath">
<literal>/ra:ReceiptAdvice/cbc:IssueDate</literal>
</entry></row></tbody></tgroup></table>
<para>This field states the date of the receipt advice.</para>
</section>
<section role="item">
<title>Despatch advice date</title>
<table role="xpath"><title>XPath information</title><tgroup cols="1"><tbody><row><entry role="groups"/><entry role="rows"/><entry role="cols"/><entry role="xpath">
<literal>/ra:ReceiptAdvice/ra:DespatchDocumentReference/cbc:IssueDate</literal>
</entry></row></tbody></tgroup></table>
<para>This field provides the date of the corresponding despatch advice.</para>
</section>
<section role="item">
<title>Buyer's reference</title>
<table role="xpath"><title>XPath information</title><tgroup cols="1"><tbody><row><entry role="groups"/><entry role="rows"/><entry role="cols"/><entry role="xpath">
<literal>/ra:ReceiptAdvice/cac:OrderReference/cac:BuyersID</literal>
</entry></row></tbody></tgroup></table>
<para>This field provides the buyer's reference to the original order.</para>
</section>
<section role="item">
<title>Other reference</title>
<para>At this time this field is not being used in the receipt advice.</para>
</section>
<section role="item">
<title>Consignee</title>
<table role="xpath"><title>XPath information</title><tgroup cols="1"><tbody><row><entry role="groups"/><entry role="rows"/><entry role="cols"/><entry role="xpath">
<literal>/ra:ReceiptAdvice/cac:BuyerParty/cac:Party/cac:PartyName/cbc:Name</literal>
</entry></row><row><entry role="groups"/><entry role="rows"/><entry role="cols"/><entry role="xpath">
<literal>/ra:ReceiptAdvice/cac:Delivery/cac:DeliveryAddress/cbc:BuildingNumber</literal>
</entry></row><row><entry role="groups"/><entry role="rows"/><entry role="cols"/><entry role="xpath">


<literal>/ra:ReceiptAdvice/cac:Delivery/cac:DeliveryAddress/cbc:StreetName</literal>
</entry></row><row><entry role="groups"/><entry role="rows"/><entry role="cols"/><entry role="xpath">


<literal>/ra:ReceiptAdvice/cac:Delivery/cac:DeliveryAddress/cbc:CityName</literal>
</entry></row><row><entry role="groups"/><entry role="rows"/><entry role="cols"/><entry role="xpath">
<literal>/ra:ReceiptAdvice/cac:Delivery/cac:DeliveryAddress/cbc:CountrySubentity</literal>
</entry></row><row><entry role="groups"/><entry role="rows"/><entry role="cols"/><entry role="xpath">
<literal>/ra:ReceiptAdvice/cac:Delivery/cac:DeliveryAddress/cac:CountrySubentityCode</literal>
</entry></row><row><entry role="groups"/><entry role="rows"/><entry role="cols"/><entry role="xpath">
<literal>/ra:ReceiptAdvice/cac:Delivery/cac:DeliveryAddress/cbc:PostalZone</literal>
</entry></row><row><entry role="groups"/><entry role="rows"/><entry role="cols"/><entry role="xpath">
<literal>/ra:ReceiptAdvice/cac:Delivery/cac:DeliveryAddress/cac:Country/cbc:Name</literal>
</entry></row></tbody></tgroup></table>

<para>These fields are used to provide the name and address of the receiver of the goods involved in the transaction.</para>
<para>Note that only one of <literal>cbc:CountrySubentity</literal> and <literal>cac:CountrySubentityCode</literal> need be used, with preference to <literal>cbc:CountrySubentity</literal> if it exists.</para>


</section>
<section role="item" id="buyer">
<title>Buyer</title>
<table role="xpath"><title>XPath information</title><tgroup cols="1"><tbody><row><entry role="groups"/><entry role="rows"/><entry role="cols"/><entry role="xpath">
<literal>/ra:ReceiptAdvice/cac:BuyerParty/cac:Party/cac:PartyName/cbc:Name</literal>
</entry></row><row><entry role="groups"/><entry role="rows"/><entry role="cols"/><entry role="xpath">
<literal>/ra:ReceiptAdvice/cac:BuyerParty/cac:Party/cac:Address/cbc:BuildingNumber</literal>
</entry></row><row><entry role="groups"/><entry role="rows"/><entry role="cols"/><entry role="xpath">


<literal>/ra:ReceiptAdvice/cac:BuyerParty/cac:Party/cac:Address/cbc:StreetName</literal>
</entry></row><row><entry role="groups"/><entry role="rows"/><entry role="cols"/><entry role="xpath">


<literal>/ra:ReceiptAdvice/cac:BuyerParty/cac:Party/cac:Address/cbc:CityName</literal>
</entry></row><row><entry role="groups"/><entry role="rows"/><entry role="cols"/><entry role="xpath">
<literal>/ra:ReceiptAdvice/cac:BuyerParty/cac:Party/cac:Address/cbc:CountrySubentity</literal>
</entry></row><row><entry role="groups"/><entry role="rows"/><entry role="cols"/><entry role="xpath">
<literal>/ra:ReceiptAdvice/cac:BuyerParty/cac:Party/cac:Address/cac:CountrySubentityCode</literal>
</entry></row><row><entry role="groups"/><entry role="rows"/><entry role="cols"/><entry role="xpath">
<literal>/ra:ReceiptAdvice/cac:BuyerParty/cac:Party/cac:Address/cbc:PostalZone</literal>
</entry></row><row><entry role="groups"/><entry role="rows"/><entry role="cols"/><entry role="xpath">
<literal>/ra:ReceiptAdvice/cac:BuyerParty/cac:Party/cac:Address/cac:Country/cbc:Name</literal>
</entry></row></tbody></tgroup></table>
<para>These fields are used to provide the name and address of the buyer of the goods involved in the transaction.</para>
<para>Note that only one of <literal>cbc:CountrySubentity</literal> and <literal>cac:CountrySubentityCode</literal> need be used, with preference to <literal>cbc:CountrySubentity</literal> if it exists.</para>
</section>
</section>
<section>
<title>
Additional document and party information</title>
<section role="item">
<title>Freight forwarder</title>
<table role="xpath"><title>XPath information</title><tgroup cols="1"><tbody><row><entry role="groups"/><entry role="rows"/><entry role="cols"/><entry role="xpath">
<literal>/ra:ReceiptAdvice/ra:FreightForwarderParty/cac:PartyName/cbc:Name</literal>
</entry></row><row><entry role="groups"/><entry role="rows"/><entry role="cols"/><entry role="xpath">
<literal>/ra:ReceiptAdvice/ra:FreightForwarderParty/cac:Address/cbc:BuildingNumber</literal>
</entry></row><row><entry role="groups"/><entry role="rows"/><entry role="cols"/><entry role="xpath">


<literal>/ra:ReceiptAdvice/ra:FreightForwarderParty/cac:Address/cbc:StreetName</literal>
</entry></row><row><entry role="groups"/><entry role="rows"/><entry role="cols"/><entry role="xpath">


<literal>/ra:ReceiptAdvice/ra:FreightForwarderParty/cac:Address/cbc:CityName</literal>
</entry></row><row><entry role="groups"/><entry role="rows"/><entry role="cols"/><entry role="xpath">
<literal>/ra:ReceiptAdvice/ra:FreightForwarderParty/cac:Address/cbc:CountrySubentity</literal>
</entry></row><row><entry role="groups"/><entry role="rows"/><entry role="cols"/><entry role="xpath">
<literal>/ra:ReceiptAdvice/ra:FreightForwarderParty/cac:Address/cac:CountrySubentityCode</literal>
</entry></row><row><entry role="groups"/><entry role="rows"/><entry role="cols"/><entry role="xpath">
<literal>/ra:ReceiptAdvice/ra:FreightForwarderParty/cac:Address/cbc:PostalZone</literal>
</entry></row><row><entry role="groups"/><entry role="rows"/><entry role="cols"/><entry role="xpath">
<literal>/ra:ReceiptAdvice/ra:FreightForwarderParty/cac:Address/cac:Country/cbc:Name</literal>
</entry></row></tbody></tgroup></table>
<para>These fields are used to provide the name and address of the freight forwarder involved in the transaction.</para>
<para>Note that only one of <literal>cbc:CountrySubentity</literal> and <literal>cac:CountrySubentityCode</literal> need be used, with preference to <literal>cbc:CountrySubentity</literal> if it exists.</para>

</section>
<section role="item">
<title>Country of origin of goods</title>
<para>At this time this field is not being used in the receipt advice.</para>
</section>
<section role="item">
<title>Country of destination</title>
<para>At this time this field is not being used in the receipt advice.</para>
</section>
</section>
<section role="items">
<title>Delivery and transport</title>
<para>Transportation fields are header-like information and are applicable to the
entire order.</para>
<section role="item">
<title>Mode of transport</title>
<para>At this time this field is not being used in the receipt advice.</para>
</section>
<section role="item">
<title>Date of despatch</title>
<para>At this time this field is not being used in the receipt advice.</para>
</section>
<section role="item">
<title>Means of transport</title>
<para>At this time this field is not being used in the receipt advice.</para>
</section>
<section role="item">
<title>Place of despatch</title>
<para>At this time this field is not being used in the receipt advice.</para>
</section>
<section role="item">
<title>Vessel/flight no. and date</title>
<para>At this time this field is not being used in the receipt advice.</para>
</section>
<section role="item">
<title>Port/airport of loading</title>
<para>At this time this field is not being used in the receipt advice.</para>
</section>
<section role="item">
<title>Port/airport of discharge</title>
<para>At this time this field is not being used in the receipt advice.</para>
</section>
<section role="item">
<title>Place of delivery</title>
<para>At this time this field is not being used in the receipt advice.</para>
</section>
<section role="item">
<title>Delivery requirements</title>
<para>At this time this field is not being used in the receipt advice.</para>
</section>
</section>

<section role="items">
<title>Consignment information</title>
<para>The consignment information holds generic details and totals relating to all the goods items in the receipt advice.</para>
<section role="item">
<title>Shipping marks; container number</title>
<para>At this time this field is not being used in the receipt advice.</para>
</section>
<section role="item">
<title>Number and kind of packages; description of goods</title>
<para>At this time this field is not being used in the receipt advice.</para>
</section>
<section role="item">
<title>Total gross weight (kg)</title>
<para>At this time this field is not being used in the receipt advice.</para>
</section>
<section role="item">
<title>Total cube (m3)</title>
<para>At this time this field is not being used in the receipt advice.</para>
</section>
<section role="item">
<title>Total net weight (kg)</title>
<para>At this time this field is not being used in the Invoice.</para>
</section>
</section><section role="items" id="lineitem">
<title>Line item information</title>
<para>Line item information is associated with the individual item of goods in the receipt advice.</para>

<section role="item">
<title>Item / Packages</title>
<table role="xpath"><title>XPath information</title><tgroup cols="1"><tbody><row><entry role="groups"/>
<entry role="rows"/><entry role="cols"/><entry role="xpath">
<literal>/ra:ReceiptAdvice/cac:ReceiptLine/cac:ID</literal>
</entry></row>
<row>
<entry role="rows"/><entry role="cols"/><entry role="xpath">
<literal>/ra:ReceiptAdvice/cac:ReceiptLine/cac:OrderLineReference/cac:BuyersLineID</literal>
</entry>
</row>
<row>
<entry role="rows"/><entry role="cols"/><entry role="xpath">
<literal>/ra:ReceiptAdvice/cac:ReceiptLine/cac:OrderLineReference/cac:SellersLineID</literal>
</entry>
</row>
</tbody></tgroup></table>
<para>The item field is the identification of the receipt line according to the buyer's system.</para>
<para>The first reference is the buyer's assigned reference to the line item.</para>
<para>The second reference is the seller's assigned reference to the line item.</para>
</section>
<section role="item">
<title>Description</title>
<table role="xpath"><title>XPath information</title><tgroup cols="1"><tbody><row><entry role="groups"/><entry role="rows"/><entry role="cols"/><entry role="xpath">
<literal>/ra:ReceiptAdvice/cac:ReceiptLine/cac:OrderedItemIdentification/cac:PhysicalAttribute/cbc:Description</literal>
</entry></row></tbody></tgroup></table>
<para>This provides a free text description of the line item.</para>
</section>

<section role="item">
<title>Received quantity</title>
<table role="xpath"><title>XPath information</title><tgroup cols="1"><tbody><row><entry role="groups"/><entry role="rows"/><entry role="cols"/><entry role="xpath">
<literal>/ra:ReceiptAdvice/cac:ReceiptLine/cbc:ReceivedQuantity</literal>
</entry></row></tbody></tgroup></table>
<para>This field provides the number of received item for the line item.</para>
</section>
<section role="item">
<title>Short quantity / Rejected quantity</title>
<table role="xpath"><title>XPath information</title><tgroup cols="1"><tbody><row><entry role="groups"/><entry role="rows"/><entry role="cols"/><entry role="xpath">
<literal>/ra:ReceiptAdvice/cac:ReceiptLine/cbc:ShortQuantity</literal>


</entry></row>
<row>
<entry role="rows"/><entry role="cols"/><entry role="xpath">
<literal>/ra:ReceiptAdvice/cac:ReceiptLine/cbc:RejectedQuantity</literal>
</entry></row></tbody></tgroup></table>
<para>These fields provide the recipients response to the items received.</para>
<para>The recipient will confirm the number of missing items OR the number of rejected items.</para>
</section>
<section role="item">
<title>Reject reason</title>
<table role="xpath"><title>XPath information</title><tgroup cols="1"><tbody><row><entry role="groups"/><entry role="rows"/><entry role="cols"/><entry role="xpath">
<literal>/ra:ReceiptAdvice/cac:ReceiptLine/cac:RejectReasonCode</literal>
</entry></row></tbody></tgroup></table>
<para>This field provides the reason for a rejection, the rejection reason code should be translated into text for clarity.</para>
</section>
<section role="item">
<title>Action</title>
<table role="xpath"><title>XPath information</title><tgroup cols="1"><tbody>
<row>
<entry role="rows"/><entry role="cols"/><entry role="xpath">
<literal>/ra:ReceiptAdvice/cac:ReceiptLine/cac:ShortageActionCode</literal>
</entry></row>
<row><entry role="groups"/><entry role="rows"/><entry role="cols"/><entry role="xpath">
<literal>/ra:ReceiptAdvice/cac:ReceiptLine/cac:RejectActionCode</literal>
</entry></row>
</tbody></tgroup></table>
<para>
These fields provide the action to be taken for missing or rejected items, the shortage action code OR the rejection action code should be translated into text for clarity.</para>
</section>
</section>

<section role="items">
<title>Summary information</title>
<para>Summary information is associated to the entire receipt advice and not to any individual line item.</para>
<section role="item">
<title>Notes</title>
<table role="xpath"><title>XPath information</title><tgroup cols="1"><tbody><row><entry role="groups"/><entry role="rows"/><entry role="cols"/><entry role="xpath">
<literal>/ra:ReceiptAdvice/cbc:Note</literal>
</entry></row>
</tbody></tgroup></table>
<para>This notes field is used for any free text information that relates to the entire receipt advice.</para>
</section>
<section role="item">
<title>Name of signatory</title>
<table role="xpath"><title>XPath information</title><tgroup cols="1"><tbody><row><entry role="groups"/><entry role="rows"/><entry role="cols"/><entry role="xpath">
<literal>/ra:ReceiptAdvice/cac:BuyerParty/cac:Party/cac:Contact/cbc:Name</literal>
</entry></row>
</tbody></tgroup></table>
<para>This field provides the name of signatory in the receipt advice.</para>
</section>
<section role="item">
<title>Place and date of issue</title>
<table role="xpath"><title>XPath information</title><tgroup cols="1"><tbody><row><entry role="groups"/><entry role="rows"/><entry role="cols"/><entry role="xpath">
<literal>/ra:ReceiptAdvice/cac:BuyerParty/cac:Party/cac:Address/cbc:CityName</literal>
</entry></row>
<row><entry role="groups"/><entry role="rows"/><entry role="cols"/><entry role="xpath">
<literal>/ra:ReceiptAdvice/cac:BuyerParty/cac:Party/cac:Address/cbc:CountrySubentity</literal>
</entry></row>
<row><entry role="groups"/><entry role="rows"/><entry role="cols"/><entry role="xpath">
<literal>/ra:ReceiptAdvice/cac:BuyerParty/cac:Party/cac:Address/cac:CountrySubentityCode</literal>
</entry></row>
<row><entry role="groups"/><entry role="rows"/><entry role="cols"/><entry role="xpath">
<literal>/ra:ReceiptAdvice/cbc:IssueDate</literal>
</entry></row></tbody></tgroup></table>
<para>The above fields provide information relating to the date and place of issue of the receipt advice.</para>
<para>Note that only one of <literal>cbc:CountrySubentity</literal> and <literal>cac:CountrySubentityCode</literal> need be used, with preference to <literal>cbc:CountrySubentity</literal> if it exists.</para>
</section>
<section role="item">
<title>Signature</title>
<para>This field is not currently being filled automatically as it is a manual entry.</para>
</section>
</section>
<section>
<title>
Continuation page</title>
<para>
The continuation page comprises only a copy of the document identification information described in <xref linkend="main"/> and room for additional line item entries described in <xref linkend="lineitem"/>.</para>
</section>

</article>
