<?xml version="1.0" encoding="UTF-8"?>
<!--
  == Copyright (c) 2002-2003. All rights reserved.
  == Financial Products Markup Language is subject to the FpML public license.
  == A copy of this license is available at http://www.fpml.org/documents/license
-->
<FpML version="4-0" xmlns="http://www.fpml.org/2003/FpML-4-0" xmlns:xsi="http://www.w3.org/2001/XMLSchema-instance" xsi:schemaLocation="http://www.fpml.org/2003/FpML-4-0 ../fpml-main-4-0.xsd" xsi:type="DataDocument">
	<trade>
		<!--This is a single stock swap, that illustrates the case of an upfront fee as well a brokerage fee to be paid to a third party The initial price is not known on trade affirmation.-->
		<tradeHeader>
			<partyTradeIdentifier>
				<partyReference href="PartyA"/>
				<tradeId tradeIdScheme="http://www.partyA.com/eqs-trade-id">1934</tradeId>
			</partyTradeIdentifier>
			<partyTradeIdentifier>
				<partyReference href="PartyB"/>
				<tradeId tradeIdScheme="http://www.partyB.com/eqs-trade-id">5978</tradeId>
			</partyTradeIdentifier>
			<tradeDate id="TradeDate">2002-09-10</tradeDate>
		</tradeHeader>
		<equitySwap>
			<productType>SingleStockSwap</productType>
			<equityLeg>
				<payerPartyReference href="PartyA"/>
				<receiverPartyReference href="PartyB"/>
				<effectiveDate id="EffectiveDate">
					<adjustableDate>
						<unadjustedDate>2002-09-12</unadjustedDate>
						<dateAdjustments>
							<businessDayConvention>NotApplicable</businessDayConvention>
						</dateAdjustments>
					</adjustableDate>
				</effectiveDate>
				<terminationDate id="TerminationDate">
					<relativeDate>
						<periodMultiplier>0</periodMultiplier>
						<period>D</period>
						<businessDayConvention>NotApplicable</businessDayConvention>
						<dateRelativeTo href="FinalEquityPaymentDate"/>
					</relativeDate>
				</terminationDate>
				<underlyer>
					<singleUnderlyer>
						<equity>
							<instrumentId instrumentIdScheme="RIC">2881.TW</instrumentId>
							<description>Fubon Financial Holdings Co., Ltd.</description>
							<exchangeId exchangeIdScheme="http://www.fpml.org/schemes/4.0/exchangeId">Taiwan Stock Exchange</exchangeId>
						</equity>
						<openUnits>18388000</openUnits>
						<dividendPayout>
							<dividendPayoutConditions>Dividend actually paid to and received by a non-resident of Taiwan holding</dividendPayoutConditions>
						</dividendPayout>
					</singleUnderlyer>
				</underlyer>
				<valuation>
					<initialPrice>
						<commission>
							<commissionDenomination>BPS</commissionDenomination>
							<commissionAmount>30</commissionAmount>
						</commission>
						<determinationMethod>Average price per share obtained by Party B on Trade Date by selling 18,388,000 shares in the market, net of commissions</determinationMethod>
						<equityValuationDate id="InitialValuationDate">
							<relativeDateSequence>
								<dateRelativeTo href="TradeDate"/>
								<dateOffset>
									<periodMultiplier>0</periodMultiplier>
									<period>D</period>
									<businessDayConvention>NotApplicable</businessDayConvention>
								</dateOffset>
							</relativeDateSequence>
						</equityValuationDate>
					</initialPrice>
					<equityNotionalReset>false</equityNotionalReset>
					<valuationPriceFinal>
						<commission>
							<commissionDenomination>BPS</commissionDenomination>
							<commissionAmount>30</commissionAmount>
						</commission>
						<determinationMethod>At the discretion of Party A, either (i) the amount received by Party A in selling 10,000,000 shares in the market (net of taxes and commissions), or (ii) the amount paid by Party B in buying 10,000,000 shares in the market (net of taxes and commissions)</determinationMethod>
						<equityValuationDate id="FinalValuationDate">
							<adjustableDate>
								<unadjustedDate>2003-03-12</unadjustedDate>
								<dateAdjustments>
									<businessDayConvention>FOLLOWING</businessDayConvention>
									<businessCentersReference href="PrimaryBusinessCenter"/>
								</dateAdjustments>
							</adjustableDate>
						</equityValuationDate>
					</valuationPriceFinal>
					<equityPaymentDates id="EquityPaymentDate">
						<equityPaymentDateFinal id="FinalEquityPaymentDate">
							<relativeDate>
								<periodMultiplier>2</periodMultiplier>
								<period>D</period>
								<dayType>CurrencyBusiness</dayType>
								<businessDayConvention>FOLLOWING</businessDayConvention>
								<businessCenters id="PrimaryBusinessCenter">
									<businessCenter>USNY</businessCenter>
									<businessCenter>TWTA</businessCenter>
								</businessCenters>
								<dateRelativeTo href="FinalValuationDate"/>
							</relativeDate>
						</equityPaymentDateFinal>
					</equityPaymentDates>
				</valuation>
				<notional id="EquityNotionalAmount">
					<determinationMethod>Number of Shares * Initial Price</determinationMethod>
				</notional>
				<equityAmount>
					<paymentCurrency href="ReferenceCurrency"/>
					<referenceAmount>ISDA Standard</referenceAmount>
					<cashSettlement>true</cashSettlement>
				</equityAmount>
				<return>
					<returnType>Total</returnType>
					<dividendConditions>
						<dividendReinvestment>false</dividendReinvestment>
						<dividendEntitlement>ExDate</dividendEntitlement>
						<dividendPaymentDate>
							<dividendDateReference>ExDate</dividendDateReference>
						</dividendPaymentDate>
						<dividendPeriodEffectiveDate href="TradeDate"/>
						<dividendPeriodEndDate href="FinalValuationDate"/>
						<paymentCurrency href="ReferenceCurrency"/>
					</dividendConditions>
				</return>
				<notionalAdjustments>Standard</notionalAdjustments>
				<fxTerms>
					<compositeFx>
						<referenceCurrency id="ReferenceCurrency">USD</referenceCurrency>
						<determinationMethod>GoodFaith</determinationMethod>
					</compositeFx>
				</fxTerms>
			</equityLeg>
			<interestLeg>
				<payerPartyReference href="PartyB"/>
				<receiverPartyReference href="PartyA"/>
				<interestLegCalculationPeriodDates id="InterestLegPeriodDates">
					<effectiveDate>
						<relativeDate>
							<periodMultiplier>0</periodMultiplier>
							<period>D</period>
							<businessDayConvention>NotApplicable</businessDayConvention>
							<dateRelativeTo href="EffectiveDate"/>
						</relativeDate>
					</effectiveDate>
					<terminationDate>
						<relativeDate>
							<periodMultiplier>0</periodMultiplier>
							<period>D</period>
							<businessDayConvention>NotApplicable</businessDayConvention>
							<dateRelativeTo href="FinalEquityPaymentDate"/>
						</relativeDate>
					</terminationDate>
					<interestLegResetDates>
						<calculationPeriodDatesReference href="InterestLegPeriodDates"/>
						<resetRelativeTo>CalculationPeriodStartDate</resetRelativeTo>
					</interestLegResetDates>
					<interestLegPaymentDates>
						<relativeDates>
							<periodMultiplier>2</periodMultiplier>
							<period>D</period>
							<dayType>CurrencyBusiness</dayType>
							<businessDayConvention>FOLLOWING</businessDayConvention>
							<businessCentersReference href="PrimaryBusinessCenter"/>
							<dateRelativeTo href="FinalValuationDate"/>
						</relativeDates>
					</interestLegPaymentDates>
				</interestLegCalculationPeriodDates>
				<notional>
					<amountRelativeTo href="EquityNotionalAmount"/>
				</notional>
				<interestAmount>
					<paymentCurrency href="ReferenceCurrency"/>
					<referenceAmount>Standard ISDA</referenceAmount>
				</interestAmount>
				<interestCalculation>
					<floatingRateCalculation>
						<floatingRateIndex>USD-LIBOR-BBA</floatingRateIndex>
						<indexTenor>
							<periodMultiplier>6</periodMultiplier>
							<period>M</period>
						</indexTenor>
					</floatingRateCalculation>
					<dayCountFraction>ACT/360</dayCountFraction>
				</interestCalculation>
			</interestLeg>
			<additionalPayment>
				<payerPartyReference href="PartyA"/>
				<receiverPartyReference href="PartyB"/>
				<additionalPaymentAmount>
					<formula>
						<formulaDescription>18388000 * Reference Price * [6.5% (the upfront Fee) + 0.63% (taxes)]</formulaDescription>
						<math>
							<mn>18388000 </mn>
							<mo>*</mo>
							<mi>ReferencePrice</mi>
							<mo>*</mo>
							<mo>(</mo>
							<mn>6.5</mn>
							<mo>%</mo>
							<mo>+</mo>
							<mn>0.63</mn>
							<mo>%</mo>
							<mo>)</mo>
						</math>
						<formulaComponent name="ReferencePrice">
							<componentDescription>Volume-weighted average price per share of underlying security on Trade Date</componentDescription>
						</formulaComponent>
					</formula>
				</additionalPaymentAmount>
				<additionalPaymentDate>
					<relativeDate>
						<periodMultiplier>0</periodMultiplier>
						<period>D</period>
						<businessDayConvention>NotApplicable</businessDayConvention>
						<dateRelativeTo href="EffectiveDate"/>
					</relativeDate>
				</additionalPaymentDate>
				<paymentType>Upfront fee</paymentType>
			</additionalPayment>
			<earlyTermination>
				<partyReference href="PartyB"/>
				<startingDate>
					<dateRelativeTo href="TradeDate"/>
				</startingDate>
			</earlyTermination>
		</equitySwap>
		<otherPartyPayment>
			<payerPartyReference href="PartyA"/>
			<receiverPartyReference href="PartyC"/>
			<paymentAmount>
				<currency>USD</currency>
				<amount>1000</amount>
			</paymentAmount>
			<paymentDate>
				<unadjustedDate id="BrokerageFeePaymentDate">2002-09-30</unadjustedDate>
				<dateAdjustments>
					<businessDayConvention>NotApplicable</businessDayConvention>
					<businessCentersReference href="PrimaryBusinessCenter"/>
				</dateAdjustments>
			</paymentDate>
			<paymentType>BrokerageFee</paymentType>
		</otherPartyPayment>
		<calculationAgent>
			<calculationAgentPartyReference href="PartyA"/>
		</calculationAgent>
		<documentation>
			<masterAgreement>
				<masterAgreementType>ISDA2002</masterAgreementType>
			</masterAgreement>
			<contractualDefinitions>ISDA2000</contractualDefinitions>
			<contractualDefinitions>ISDA1996Equity</contractualDefinitions>
		</documentation>
		<governingLaw>GBEN</governingLaw>
	</trade>
	<party id="PartyA">
		<partyId>Party A</partyId>
	</party>
	<party id="PartyB">
		<partyId>Party B</partyId>
	</party>
	<party id="PartyC">
		<partyId>Party C</partyId>
	</party>
</FpML>
