<?xml version="1.0" encoding="UTF-8"?>
<!--
  == Copyright (c) 2002-2003. All rights reserved.
  == Financial Products Markup Language is subject to the FpML public license.
  == A copy of this license is available at http://www.fpml.org/documents/license
-->
<FpML version="4-0" xmlns="http://www.fpml.org/2003/FpML-4-0" xmlns:xsi="http://www.w3.org/2001/XMLSchema-instance" xsi:schemaLocation="http://www.fpml.org/2003/FpML-4-0 ../fpml-main-4-0.xsd" xsi:type="DataDocument">
	<trade>
		<!--This is a single stock execution swap, that also illustrates the case of multiple interim valuation dates-->
		<tradeHeader>
			<partyTradeIdentifier>
				<partyReference href="PartyA"/>
				<tradeId tradeIdScheme="http://www.partyA.com/eqs-trade-id">6234</tradeId>
			</partyTradeIdentifier>
			<partyTradeIdentifier>
				<partyReference href="PartyB"/>
				<tradeId tradeIdScheme="http://www.partyB.com/eqs-trade-id">6569</tradeId>
			</partyTradeIdentifier>
			<tradeDate id="TradeDate">2001-09-24</tradeDate>
		</tradeHeader>
		<equitySwap>
			<productType>SingleStockExecutionSwap</productType>
			<equityLeg>
				<payerPartyReference href="PartyA"/>
				<receiverPartyReference href="PartyB"/>
				<effectiveDate id="EffectiveDate">
					<relativeDate>
						<periodMultiplier>3</periodMultiplier>
						<period>D</period>
						<dayType>ExchangeBusiness</dayType>
						<businessDayConvention>NotApplicable</businessDayConvention>
						<dateRelativeTo href="TradeDate"/>
					</relativeDate>
				</effectiveDate>
				<terminationDate id="TerminationDate">
					<relativeDate>
						<periodMultiplier>0</periodMultiplier>
						<period>D</period>
						<businessDayConvention>NotApplicable</businessDayConvention>
						<dateRelativeTo href="FinalEquityPaymentDate"/>
					</relativeDate>
				</terminationDate>
				<underlyer>
					<singleUnderlyer>
						<equity>
							<instrumentId instrumentIdScheme="RIC">SHPGY.O</instrumentId>
							<description>Shire Pharmeceuticals Group - American Depositary Receipts</description>
							<exchangeId exchangeIdScheme="http://www.fpml.org/schemes/4.0/exchangeId">NASDAQ</exchangeId>
						</equity>
						<openUnits>760400</openUnits>
						<dividendPayout>
							<dividendPayoutRatio>100</dividendPayoutRatio>
						</dividendPayout>
					</singleUnderlyer>
				</underlyer>
				<valuation>
					<initialPrice>
						<netPrice>
							<currency>USD</currency>
							<amount>37.44</amount>
							<priceExpression>AbsoluteTerms</priceExpression>
						</netPrice>
					</initialPrice>
					<equityNotionalReset>true</equityNotionalReset>
					<valuationPriceInterim>
						<determinationMethod>PriceAtValuationTime</determinationMethod>
						<valuationTimeType>Close</valuationTimeType>
						<equityValuationDates id="InterimValuationDate">
							<adjustableDates>
								<unadjustedDate>2001-10-12</unadjustedDate>
								<unadjustedDate>2001-11-13</unadjustedDate>
								<unadjustedDate>2001-12-12</unadjustedDate>
								<unadjustedDate>2002-01-14</unadjustedDate>
								<unadjustedDate>2002-02-12</unadjustedDate>
								<unadjustedDate>2002-03-12</unadjustedDate>
								<unadjustedDate>2002-04-12</unadjustedDate>
								<unadjustedDate>2002-05-13</unadjustedDate>
								<unadjustedDate>2002-06-12</unadjustedDate>
								<unadjustedDate>2002-07-12</unadjustedDate>
								<unadjustedDate>2002-08-12</unadjustedDate>
								<dateAdjustments>
									<businessDayConvention>NotApplicable</businessDayConvention>
								</dateAdjustments>
							</adjustableDates>
						</equityValuationDates>
					</valuationPriceInterim>
					<valuationPriceFinal>
						<determinationMethod>HedgeUnwind</determinationMethod>
						<equityValuationDate id="FinalValuationDate">
							<adjustableDate>
								<unadjustedDate>2002-09-24</unadjustedDate>
								<dateAdjustments>
									<businessDayConvention>NotApplicable</businessDayConvention>
								</dateAdjustments>
							</adjustableDate>
						</equityValuationDate>
					</valuationPriceFinal>
					<equityPaymentDates id="EquityPaymentDate">
						<equityPaymentDatesInterim id="InterimEquityPaymentDate">
							<relativeDates>
								<periodMultiplier>3</periodMultiplier>
								<period>D</period>
								<dayType>CurrencyBusiness</dayType>
								<businessDayConvention>FOLLOWING</businessDayConvention>
								<businessCenters id="PrimaryBusinessCenter">
									<businessCenter>USNY</businessCenter>
								</businessCenters>
								<dateRelativeTo href="InterimValuationDate"/>
							</relativeDates>
						</equityPaymentDatesInterim>
						<equityPaymentDateFinal id="FinalEquityPaymentDate">
							<relativeDate>
								<periodMultiplier>3</periodMultiplier>
								<period>D</period>
								<dayType>CurrencyBusiness</dayType>
								<businessDayConvention>FOLLOWING</businessDayConvention>
								<businessCentersReference href="PrimaryBusinessCenter"/>
								<dateRelativeTo href="FinalValuationDate"/>
							</relativeDate>
						</equityPaymentDateFinal>
					</equityPaymentDates>
				</valuation>
				<notional id="EquityNotionalAmount">
					<notionalAmount>
						<currency>USD</currency>
						<amount>28469376</amount>
					</notionalAmount>
				</notional>
				<equityAmount>
					<paymentCurrency id="EquityPaymentCurrency">
						<currency>USD</currency>
					</paymentCurrency>
					<referenceAmount>ISDA Standard</referenceAmount>
					<cashSettlement>true</cashSettlement>
				</equityAmount>
				<return>
					<returnType>Total</returnType>
					<dividendConditions>
						<dividendReinvestment>false</dividendReinvestment>
						<dividendEntitlement>ExDate</dividendEntitlement>
						<dividendPaymentDate>
							<dividendDateReference>EquityPaymentDate</dividendDateReference>
						</dividendPaymentDate>
						<dividendPeriodEffectiveDate href="TradeDate"/>
						<dividendPeriodEndDate href="TerminationDate"/>
						<paymentCurrency>
							<determinationMethod>DividendCurrency</determinationMethod>
						</paymentCurrency>
					</dividendConditions>
				</return>
				<!--The notionalAdjustments element indicates that this is an execution-style swap -->
				<notionalAdjustments>Execution</notionalAdjustments>
			</equityLeg>
			<interestLeg>
				<payerPartyReference href="PartyB"/>
				<receiverPartyReference href="PartyA"/>
				<interestLegCalculationPeriodDates id="InterestLegPeriodDates">
					<effectiveDate>
						<relativeDate>
							<periodMultiplier>3</periodMultiplier>
							<period>D</period>
							<dayType>ExchangeBusiness</dayType>
							<businessDayConvention>NotApplicable</businessDayConvention>
							<dateRelativeTo href="TradeDate"/>
						</relativeDate>
					</effectiveDate>
					<terminationDate>
						<relativeDate>
							<periodMultiplier>0</periodMultiplier>
							<period>D</period>
							<businessDayConvention>NotApplicable</businessDayConvention>
							<dateRelativeTo href="FinalEquityPaymentDate"/>
						</relativeDate>
					</terminationDate>
					<interestLegResetDates>
						<calculationPeriodDatesReference href="InterestLegPeriodDates"/>
						<resetRelativeTo>CalculationPeriodStartDate</resetRelativeTo>
					</interestLegResetDates>
					<interestLegPaymentDates>
						<relativeDates>
							<periodMultiplier>0</periodMultiplier>
							<period>D</period>
							<businessDayConvention>NotApplicable</businessDayConvention>
							<dateRelativeTo href="EquityPaymentDate"/>
						</relativeDates>
					</interestLegPaymentDates>
				</interestLegCalculationPeriodDates>
				<notional>
					<amountRelativeTo href="EquityNotionalAmount"/>
				</notional>
				<interestAmount>
					<paymentCurrency href="EquityPaymentCurrency"/>
					<referenceAmount>Standard ISDA</referenceAmount>
				</interestAmount>
				<interestCalculation>
					<floatingRateCalculation>
						<floatingRateIndex>USD-LIBOR-BBA</floatingRateIndex>
						<indexTenor>
							<periodMultiplier>1</periodMultiplier>
							<period>M</period>
						</indexTenor>
						<spreadSchedule>
							<initialValue>0.0020</initialValue>
						</spreadSchedule>
					</floatingRateCalculation>
					<dayCountFraction>ACT/360</dayCountFraction>
				</interestCalculation>
			</interestLeg>
			<earlyTermination>
				<partyReference href="PartyA"/>
				<startingDate>
					<dateRelativeTo href="TradeDate"/>
				</startingDate>
			</earlyTermination>
			<earlyTermination>
				<partyReference href="PartyB"/>
				<startingDate>
					<dateRelativeTo href="TradeDate"/>
				</startingDate>
			</earlyTermination>
		</equitySwap>
		<calculationAgent>
			<calculationAgentPartyReference href="PartyA"/>
		</calculationAgent>
		<documentation>
			<masterAgreement>
				<masterAgreementType>ISDA2002</masterAgreementType>
			</masterAgreement>
			<contractualDefinitions>ISDA2000</contractualDefinitions>
			<contractualDefinitions>ISDA1996Equity</contractualDefinitions>
		</documentation>
		<governingLaw>GBEN</governingLaw>
	</trade>
	<party id="PartyA">
		<partyId>Party A</partyId>
	</party>
	<party id="PartyB">
		<partyId>Party B</partyId>
	</party>
</FpML>
