<?xml version="1.0" encoding="UTF-8"?>
<!--
  == Copyright (c) 2002-2003. All rights reserved.
  == Financial Products Markup Language is subject to the FpML public license.
  == A copy of this license is available at http://www.fpml.org/documents/license
-->
<FpML version="4-0" xmlns="http://www.fpml.org/2003/FpML-4-0" xmlns:xsi="http://www.w3.org/2001/XMLSchema-instance" xsi:schemaLocation="http://www.fpml.org/2003/FpML-4-0 ../fpml-main-4-0.xsd" xsi:type="DataDocument">
	<trade>
		<!--This is an index swap with a quanto feature, that illustrates the use of the fxTerms component-->
		<tradeHeader>
			<partyTradeIdentifier>
				<partyReference href="PartyA"/>
				<tradeId tradeIdScheme="http://www.partyA.com/eqs-trade-id">1734</tradeId>
			</partyTradeIdentifier>
			<partyTradeIdentifier>
				<partyReference href="PartyB"/>
				<tradeId tradeIdScheme="http://www.partyB.com/eqs-trade-id">5648</tradeId>
			</partyTradeIdentifier>
			<tradeDate id="TradeDate">2002-07-19</tradeDate>
		</tradeHeader>
		<equitySwap>
			<productType>IndexQuantoSwap</productType>
			<equityLeg>
				<payerPartyReference href="PartyA"/>
				<receiverPartyReference href="PartyB"/>
				<effectiveDate id="EffectiveDate">
					<relativeDate>
						<periodMultiplier>3</periodMultiplier>
						<period>D</period>
						<dayType>ExchangeBusiness</dayType>
						<businessDayConvention>NotApplicable</businessDayConvention>
						<dateRelativeTo href="TradeDate"/>
					</relativeDate>
				</effectiveDate>
				<terminationDate id="TerminationDate">
					<relativeDate>
						<periodMultiplier>0</periodMultiplier>
						<period>D</period>
						<businessDayConvention>NotApplicable</businessDayConvention>
						<dateRelativeTo href="FinalEquityPaymentDate"/>
					</relativeDate>
				</terminationDate>
				<underlyer>
					<basket>
						<openUnits>1</openUnits>
						<basketConstituent>
							<index>
								<instrumentId instrumentIdScheme="RIC">.FCHI</instrumentId>
								<description>France CAC 40 Index</description>
								<currency>EUR</currency>
								<exchangeId exchangeIdScheme="http://www.fpml.org/schemes/4.0/exchangeId">EuroNext</exchangeId>
								<relatedExchangeId exchangeIdScheme="http://www.fpml.org/schemes/4.0/exchangeId">MATIF</relatedExchangeId>
								<relatedExchangeId exchangeIdScheme="http://www.fpml.org/schemes/4.0/exchangeId">MONEP</relatedExchangeId>
							</index>
							<constituentWeight>
								<openUnits>960</openUnits>
							</constituentWeight>
						</basketConstituent>
						<basketConstituent>
							<index>
								<instrumentId instrumentIdScheme="http://www.fpml.org/spec/2003/instrument-id-Reuters-RIC-1-0">.IBEX</instrumentId>
								<description>IBEX 35</description>
								<currency>EUR</currency>
								<relatedExchangeId exchangeIdScheme="http://www.fpml.org/schemes/4.0/exchangeId">MEFF</relatedExchangeId>
							</index>
							<constituentWeight>
								<openUnits>260</openUnits>
							</constituentWeight>
						</basketConstituent>
						<basketConstituent>
							<index>
								<instrumentId instrumentIdScheme="http://www.fpml.org/spec/2003/instrument-id-Reuters-RIC-1-0">.HSI</instrumentId>
								<description>Hong Kong Hang Seng Index</description>
								<currency>HKD</currency>
								<exchangeId exchangeIdScheme="http://www.fpml.org/schemes/4.0/exchangeId">Hong Kong Stock Exchange</exchangeId>
							</index>
							<constituentWeight>
								<openUnits>580</openUnits>
							</constituentWeight>
						</basketConstituent>
					</basket>
				</underlyer>
				<valuation>
					<initialPrice>
						<netPrice>
							<currency>USD</currency>
							<amount>5591987.41</amount>
							<priceExpression>AbsoluteTerms</priceExpression>
						</netPrice>
					</initialPrice>
					<equityNotionalReset>true</equityNotionalReset>
					<valuationPriceInterim>
						<determinationMethod>PublishedIndexAtValuationTime</determinationMethod>
						<valuationTimeType>Close</valuationTimeType>
						<equityValuationDates id="InterimValuationDate">
							<adjustableDates>
								<unadjustedDate>2002-10-21</unadjustedDate>
								<unadjustedDate>2003-01-20</unadjustedDate>
								<unadjustedDate>2003-04-22</unadjustedDate>
								<dateAdjustments>
									<businessDayConvention>NotApplicable</businessDayConvention>
								</dateAdjustments>
							</adjustableDates>
						</equityValuationDates>
					</valuationPriceInterim>
					<valuationPriceFinal>
						<determinationMethod>HedgeUnwind</determinationMethod>
						<equityValuationDate id="FinalValuationDate">
							<adjustableDate>
								<unadjustedDate>2003-07-21</unadjustedDate>
								<dateAdjustments>
									<businessDayConvention>NotApplicable</businessDayConvention>
								</dateAdjustments>
							</adjustableDate>
						</equityValuationDate>
					</valuationPriceFinal>
					<equityPaymentDates id="EquityPaymentDate">
						<equityPaymentDatesInterim id="InterimEquityPaymentDate">
							<relativeDates>
								<periodMultiplier>3</periodMultiplier>
								<period>D</period>
								<dayType>CurrencyBusiness</dayType>
								<businessDayConvention>FOLLOWING</businessDayConvention>
								<businessCenters id="PrimaryBusinessCenter">
									<businessCenter>EUTA</businessCenter>
									<businessCenter>HKHK</businessCenter>
								</businessCenters>
								<dateRelativeTo href="InterimValuationDate"/>
							</relativeDates>
						</equityPaymentDatesInterim>
						<equityPaymentDateFinal id="FinalEquityPaymentDate">
							<relativeDate>
								<periodMultiplier>3</periodMultiplier>
								<period>D</period>
								<dayType>CurrencyBusiness</dayType>
								<businessDayConvention>FOLLOWING</businessDayConvention>
								<businessCentersReference href="PrimaryBusinessCenter"/>
								<dateRelativeTo href="FinalValuationDate"/>
							</relativeDate>
						</equityPaymentDateFinal>
					</equityPaymentDates>
				</valuation>
				<notional id="EquityNotionalAmount">
					<notionalAmount>
						<currency>USD</currency>
						<amount>5591987.41</amount>
					</notionalAmount>
				</notional>
				<equityAmount>
					<paymentCurrency href="ReferenceCurrency"/>
					<referenceAmount>Standard ISDA</referenceAmount>
					<cashSettlement>true</cashSettlement>
				</equityAmount>
				<return>
					<returnType>Price</returnType>
				</return>
				<notionalAdjustments>Standard</notionalAdjustments>
				<fxTerms>
					<quanto>
						<referenceCurrency id="ReferenceCurrency">USD</referenceCurrency>
						<fxRate>
							<quotedCurrencyPair>
								<currency1>USD</currency1>
								<currency2>EUR</currency2>
								<quoteBasis>Currency2PerCurrency1</quoteBasis>
							</quotedCurrencyPair>
							<rate>0.99140</rate>
						</fxRate>
						<fxRate>
							<quotedCurrencyPair>
								<currency1>USD</currency1>
								<currency2>HKD</currency2>
								<quoteBasis>Currency2PerCurrency1</quoteBasis>
							</quotedCurrencyPair>
							<rate>7.80</rate>
						</fxRate>
					</quanto>
				</fxTerms>
			</equityLeg>
			<interestLeg>
				<payerPartyReference href="PartyB"/>
				<receiverPartyReference href="PartyA"/>
				<interestLegCalculationPeriodDates id="InterestLegPeriodDates">
					<effectiveDate>
						<relativeDate>
							<periodMultiplier>3</periodMultiplier>
							<period>D</period>
							<dayType>ExchangeBusiness</dayType>
							<businessDayConvention>NotApplicable</businessDayConvention>
							<dateRelativeTo href="TradeDate"/>
						</relativeDate>
					</effectiveDate>
					<terminationDate>
						<relativeDate>
							<periodMultiplier>0</periodMultiplier>
							<period>D</period>
							<businessDayConvention>NotApplicable</businessDayConvention>
							<dateRelativeTo href="FinalEquityPaymentDate"/>
						</relativeDate>
					</terminationDate>
					<interestLegResetDates>
						<calculationPeriodDatesReference href="InterestLegPeriodDates"/>
						<resetRelativeTo>CalculationPeriodStartDate</resetRelativeTo>
					</interestLegResetDates>
					<interestLegPaymentDates>
						<relativeDates>
							<periodMultiplier>0</periodMultiplier>
							<period>D</period>
							<businessDayConvention>NotApplicable</businessDayConvention>
							<dateRelativeTo href="EquityPaymentDate"/>
						</relativeDates>
					</interestLegPaymentDates>
				</interestLegCalculationPeriodDates>
				<notional>
					<amountRelativeTo href="EquityNotionalAmount"/>
				</notional>
				<interestAmount>
					<paymentCurrency href="ReferenceCurrency"/>
					<referenceAmount>Standard ISDA</referenceAmount>
				</interestAmount>
				<interestCalculation>
					<floatingRateCalculation>
						<floatingRateIndex>USD-LIBOR-Telerate</floatingRateIndex>
						<indexTenor>
							<periodMultiplier>3</periodMultiplier>
							<period>M</period>
						</indexTenor>
						<spreadSchedule>
							<initialValue>-0.00220</initialValue>
						</spreadSchedule>
					</floatingRateCalculation>
					<dayCountFraction>ACT/360</dayCountFraction>
				</interestCalculation>
			</interestLeg>
		</equitySwap>
		<calculationAgent>
			<calculationAgentPartyReference href="PartyA"/>
		</calculationAgent>
		<documentation>
			<masterAgreement>
				<masterAgreementType>ISDA2002</masterAgreementType>
			</masterAgreement>
			<contractualDefinitions>ISDA2000</contractualDefinitions>
			<contractualDefinitions>ISDA1996Equity</contractualDefinitions>
		</documentation>
		<governingLaw>GBEN</governingLaw>
	</trade>
	<party id="PartyA">
		<partyId>Party A</partyId>
	</party>
	<party id="PartyB">
		<partyId>Party B</partyId>
	</party>
</FpML>
