<?xml version="1.0" encoding="UTF-8"?>
<!--
  == Copyright (c) 2002-2003. All rights reserved.
  == Financial Products Markup Language is subject to the FpML public license.
  == A copy of this license is available at http://www.fpml.org/documents/license
-->
<FpML version="4-0" xmlns="http://www.fpml.org/2003/FpML-4-0" xmlns:xsi="http://www.w3.org/2001/XMLSchema-instance" xsi:schemaLocation="http://www.fpml.org/2003/FpML-4-0 ../fpml-main-4-0.xsd" xsi:type="DataDocument">
	<trade>
		<!--This is a composite basket swap, that illustrates the example of multiple equity underlyers as well as the composite FX terms.-->
		<tradeHeader>
			<partyTradeIdentifier>
				<partyReference href="PartyA"/>
				<tradeId tradeIdScheme="http://www.partyA.com/eqs-trade-id">1245</tradeId>
			</partyTradeIdentifier>
			<partyTradeIdentifier>
				<partyReference href="PartyB"/>
				<tradeId tradeIdScheme="http://www.partyB.com/eqs-trade-id">4569</tradeId>
			</partyTradeIdentifier>
			<tradeDate id="TradeDate">2002-07-17</tradeDate>
		</tradeHeader>
		<equitySwap>
			<productType>CompositeBasketSwap</productType>
			<equityLeg>
				<payerPartyReference href="PartyA"/>
				<receiverPartyReference href="PartyB"/>
				<effectiveDate id="EffectiveDate">
					<relativeDate>
						<periodMultiplier>3</periodMultiplier>
						<period>D</period>
						<dayType>ExchangeBusiness</dayType>
						<businessDayConvention>NotApplicable</businessDayConvention>
						<dateRelativeTo href="TradeDate"/>
					</relativeDate>
				</effectiveDate>
				<terminationDate id="TerminationDate">
					<relativeDate>
						<periodMultiplier>0</periodMultiplier>
						<period>D</period>
						<businessDayConvention>NotApplicable</businessDayConvention>
						<dateRelativeTo href="FinalEquityPaymentDate"/>
					</relativeDate>
				</terminationDate>
				<underlyer>
					<basket>
						<openUnits>1</openUnits>
						<basketConstituent>
							<equity>
								<instrumentId instrumentIdScheme="RIC">TIT.ME</instrumentId>
								<description>Telecom Italia spa</description>
								<currency>EUR</currency>
								<exchangeId exchangeIdScheme="http://www.fpml.org/schemes/4.0/exchangeId">Milan Stock Exchange</exchangeId>
							</equity>
							<constituentWeight>
								<openUnits>432000</openUnits>
							</constituentWeight>
							<dividendPayout>
								<dividendPayoutRatio>85</dividendPayoutRatio>
							</dividendPayout>
						</basketConstituent>
						<basketConstituent>
							<equity>
								<instrumentId instrumentIdScheme="RIC">NOK1V.HE</instrumentId>
								<description>Nokya Oyj</description>
								<currency>EUR</currency>
								<exchangeId exchangeIdScheme="http://www.fpml.org/schemes/4.0/exchangeId">Helsinki Stock Exchange</exchangeId>
							</equity>
							<constituentWeight>
								<openUnits>227000</openUnits>
							</constituentWeight>
							<dividendPayout>
								<dividendPayoutRatio>85</dividendPayoutRatio>
							</dividendPayout>
						</basketConstituent>
						<basketConstituent>
							<equity>
								<instrumentId instrumentIdScheme="RIC">TIM.MI</instrumentId>
								<description>Telecom Italia Mobile spa</description>
								<currency>EUR</currency>
								<exchangeId exchangeIdScheme="http://www.fpml.org/schemes/4.0/exchangeId">Milan Stock Exchange</exchangeId>
							</equity>
							<constituentWeight>
								<openUnits>783000</openUnits>
							</constituentWeight>
							<dividendPayout>
								<dividendPayoutRatio>85</dividendPayoutRatio>
							</dividendPayout>
						</basketConstituent>
						<basketConstituent>
							<equity>
								<instrumentId instrumentIdScheme="RIC">TEF.MC</instrumentId>
								<description>Telefonica de Espana</description>
								<currency>EUR</currency>
								<exchangeId exchangeIdScheme="http://www.fpml.org/schemes/4.0/exchangeId">Madrid Stock Exchange</exchangeId>
							</equity>
							<constituentWeight>
								<openUnits>344000</openUnits>
							</constituentWeight>
							<dividendPayout>
								<dividendPayoutRatio>85</dividendPayoutRatio>
							</dividendPayout>
						</basketConstituent>
						<basketConstituent>
							<equity>
								<instrumentId instrumentIdScheme="RIC">PTCO.IN</instrumentId>
								<description>Portugal Telecom SA</description>
								<currency>EUR</currency>
								<exchangeId exchangeIdScheme="http://www.fpml.org/schemes/4.0/exchangeId">Interbolsa</exchangeId>
							</equity>
							<constituentWeight>
								<openUnits>340000</openUnits>
							</constituentWeight>
							<dividendPayout>
								<dividendPayoutRatio>85</dividendPayoutRatio>
							</dividendPayout>
						</basketConstituent>
						<basketConstituent>
							<equity>
								<instrumentId instrumentIdScheme="RIC">VOD.L</instrumentId>
								<description>Vodafone Group</description>
								<currency>GBP</currency>
								<exchangeId exchangeIdScheme="http://www.fpml.org/schemes/4.0/exchangeId">London Stock Exchange</exchangeId>
							</equity>
							<constituentWeight>
								<openUnits>2486000</openUnits>
							</constituentWeight>
							<dividendPayout>
								<dividendPayoutRatio>85</dividendPayoutRatio>
							</dividendPayout>
						</basketConstituent>
					</basket>
				</underlyer>
				<valuation>
					<initialPrice>
						<netPrice>
							<currency>EUR</currency>
							<amount>19785157.16</amount>
							<priceExpression>AbsoluteTerms</priceExpression>
						</netPrice>
					</initialPrice>
					<equityNotionalReset>true</equityNotionalReset>
					<valuationPriceInterim>
						<determinationMethod>PriceAtValuationTime</determinationMethod>
						<valuationTimeType>Close</valuationTimeType>
						<equityValuationDates id="InterimValuationDate">
							<adjustableDates>
								<unadjustedDate>2002-10-17</unadjustedDate>
								<dateAdjustments>
									<businessDayConvention>NotApplicable</businessDayConvention>
								</dateAdjustments>
							</adjustableDates>
						</equityValuationDates>
					</valuationPriceInterim>
					<valuationPriceFinal>
						<determinationMethod>HedgeUnwind</determinationMethod>
						<equityValuationDate id="FinalValuationDate">
							<adjustableDate>
								<unadjustedDate>2003-01-17</unadjustedDate>
								<dateAdjustments>
									<businessDayConvention>NotApplicable</businessDayConvention>
								</dateAdjustments>
							</adjustableDate>
						</equityValuationDate>
					</valuationPriceFinal>
					<equityPaymentDates id="EquityPaymentDate">
						<equityPaymentDatesInterim id="InterimEquityPaymentDate">
							<relativeDates>
								<periodMultiplier>3</periodMultiplier>
								<period>D</period>
								<dayType>CurrencyBusiness</dayType>
								<businessDayConvention>FOLLOWING</businessDayConvention>
								<businessCenters id="primaryBusinessCenter">
									<businessCenter>USNY</businessCenter>
								</businessCenters>
								<dateRelativeTo href="InterimValuationDate"/>
							</relativeDates>
						</equityPaymentDatesInterim>
						<equityPaymentDateFinal id="FinalEquityPaymentDate">
							<relativeDate>
								<periodMultiplier>3</periodMultiplier>
								<period>D</period>
								<dayType>CurrencyBusiness</dayType>
								<businessDayConvention>FOLLOWING</businessDayConvention>
								<businessCentersReference href="primaryBusinessCenter"/>
								<dateRelativeTo href="FinalValuationDate"/>
							</relativeDate>
						</equityPaymentDateFinal>
					</equityPaymentDates>
				</valuation>
				<notional id="EquityNotionalAmount">
					<notionalAmount>
						<currency>EUR</currency>
						<amount>19785157.16</amount>
					</notionalAmount>
				</notional>
				<equityAmount>
					<paymentCurrency href="ReferenceCurrency"/>
					<referenceAmount>ISDA Standard</referenceAmount>
					<cashSettlement>true</cashSettlement>
				</equityAmount>
				<return>
					<returnType>Total</returnType>
					<dividendConditions>
						<dividendReinvestment>false</dividendReinvestment>
						<dividendEntitlement>ExDate</dividendEntitlement>
						<dividendPaymentDate>
							<dividendDateReference>EquityPaymentDate</dividendDateReference>
						</dividendPaymentDate>
						<dividendPeriodEffectiveDate href="TradeDate"/>
						<dividendPeriodEndDate href="FinalValuationDate"/>
						<paymentCurrency href="ReferenceCurrency"/>
					</dividendConditions>
				</return>
				<notionalAdjustments>Execution</notionalAdjustments>
				<fxTerms>
					<compositeFx>
						<referenceCurrency id="ReferenceCurrency">EUR</referenceCurrency>
						<determinationMethod>GoodFaith</determinationMethod>
					</compositeFx>
				</fxTerms>
			</equityLeg>
			<interestLeg>
				<payerPartyReference href="PartyB"/>
				<receiverPartyReference href="PartyA"/>
				<interestLegCalculationPeriodDates id="InterestLegPeriodDates">
					<effectiveDate>
						<relativeDate>
							<periodMultiplier>3</periodMultiplier>
							<period>D</period>
							<dayType>ExchangeBusiness</dayType>
							<businessDayConvention>NotApplicable</businessDayConvention>
							<dateRelativeTo href="TradeDate"/>
						</relativeDate>
					</effectiveDate>
					<terminationDate>
						<relativeDate>
							<periodMultiplier>0</periodMultiplier>
							<period>D</period>
							<businessDayConvention>NotApplicable</businessDayConvention>
							<dateRelativeTo href="FinalEquityPaymentDate"/>
						</relativeDate>
					</terminationDate>
					<interestLegResetDates>
						<calculationPeriodDatesReference href="InterestLegPeriodDates"/>
						<resetRelativeTo>CalculationPeriodStartDate</resetRelativeTo>
					</interestLegResetDates>
					<interestLegPaymentDates>
						<relativeDates>
							<periodMultiplier>0</periodMultiplier>
							<period>D</period>
							<businessDayConvention>NotApplicable</businessDayConvention>
							<dateRelativeTo href="EquityPaymentDate"/>
						</relativeDates>
					</interestLegPaymentDates>
				</interestLegCalculationPeriodDates>
				<notional>
					<amountRelativeTo href="EquityNotionalAmount"/>
				</notional>
				<interestAmount>
					<paymentCurrency href="ReferenceCurrency"/>
					<referenceAmount>Standard ISDA</referenceAmount>
				</interestAmount>
				<interestCalculation>
					<floatingRateCalculation>
						<floatingRateIndex>EUR-EURIBOR-Telerate</floatingRateIndex>
						<indexTenor>
							<periodMultiplier>3</periodMultiplier>
							<period>M</period>
						</indexTenor>
						<spreadSchedule>
							<initialValue>0.0050</initialValue>
						</spreadSchedule>
					</floatingRateCalculation>
					<dayCountFraction>ACT/360</dayCountFraction>
				</interestCalculation>
			</interestLeg>
			<earlyTermination>
				<partyReference href="PartyA"/>
				<startingDate>
					<dateRelativeTo href="TradeDate"/>
				</startingDate>
			</earlyTermination>
			<earlyTermination>
				<partyReference href="PartyB"/>
				<startingDate>
					<dateRelativeTo href="TradeDate"/>
				</startingDate>
			</earlyTermination>
		</equitySwap>
		<calculationAgent>
			<calculationAgentPartyReference href="PartyA"/>
		</calculationAgent>
		<documentation>
			<masterAgreement>
				<masterAgreementType>ISDA2002</masterAgreementType>
			</masterAgreement>
			<contractualDefinitions>ISDA2000</contractualDefinitions>
			<contractualDefinitions>ISDA2002Equity</contractualDefinitions>
		</documentation>
		<governingLaw>GBEN</governingLaw>
	</trade>
	<party id="PartyA">
		<partyId>Party A</partyId>
	</party>
	<party id="PartyB">
		<partyId>Party B</partyId>
	</party>
</FpML>
