<partintro>
<!-- this can't actually go here...
<docinfo>
<pubdate>$Date: 2005-05-27 20:50:12 $</pubdate>
<releaseinfo>$Revision: 1.1 $</releaseinfo>
</docinfo>
-->
<para>
<indexterm><primary>parameter entities</primary>
  <secondary>reference</secondary></indexterm>
<indexterm><primary>customizing</primary>
  <secondary>DocBook DTD</secondary>
    <tertiary>parameter entities, using</tertiary></indexterm>
The reference pages in this section describe each of the parameter 
entities used in DocBook.  This information is most useful when you are
writing a <link linkend="app-customizing">customization
layer</link>.
</para>

<para condition="print">
In the print version of this book, these reference pages provide only
a brief summary of the function of each broad family of parameter
entities. There are nearly 2,000 parameter entity declarations in 
DocBook, and displaying long lists of parameter entity names on paper
seemed wasteful.  The online version provides more detailed, hyperlinked
information about each parameter entity family.
</para>

</partintro>
