<appendix id="changelog">
<?dbhtml filename="appi.html"?>
<appendixinfo>
<pubdate>$Date: 2005-05-27 20:48:59 $</pubdate>
<releaseinfo>$Revision: 1.1 $</releaseinfo>
</appendixinfo>
<title>ChangeLog</title>

<para>This appendix details the changes made between versions.</para>

<section><title>Version 2.0.10: Changes since version 2.0.9 (2003-12-31)</title>

<programlisting><textobject>
<textdata fileref="WhatsNew"/>
</textobject></programlisting>
</section>

<section><title>Version 2.0.9: Changes since version 2.0.8 (2003-01-01)</title>

<programlisting><![CDATA[Changes to en/*

  | 2003-12-31  Norman Walsh <nwalsh@users.sourceforge.net>
  | 
  | 	* .cvsignore: Ignore the tdgex.xml too
  | 
  | 	* .cvsignore: Ignore bookinfo.xml
  | 
  | 	* Makefile: Updates
  | 
  | 	* VERSION.xml: Version 2.0.9 released
  | 
  | 	* appi.xml: Added ChangeLog for 2.0.9; fixed metadata
  | 
  | 	* book.xml, unexbook.xml: Update to 4.3CR2
  | 
  | 	* bookinfo.xml: Built automatically from VERSION.xml
  | 
  | 	* legalnotice.xml: Now part of VERSION.xml
  | 
  | 2003-12-23  Norman Walsh <nwalsh@users.sourceforge.net>
  | 
  | 	* Makefile: Don't build the index twice by default
  | 
  | 	* Makefile, VERSION.xml, unexbook.xml: First attempt at
  | 	  building a V4.3 book
  | 
  | 2003-06-04  Norman Walsh <nwalsh@users.sourceforge.net>
  | 
  | 	* appd.xml, appe.xml: Fixed typo
  | 
  | 	* ch04.xml: Point to more up-to-date language list
  | 
  | 2003-01-25  Jirka Kosek <kosek@users.sourceforge.net>
  | 
  | 	* makechm.bat: Updated HTML Help generation. Character
  | 	  entities' images are now compiled into CHM.
  | 

Changes to en/entities/*

  | 2003-12-31  Norman Walsh <nwalsh@users.sourceforge.net>
  | 
  | 	* charents.ent: Remove character tables
  | 
  | 	* content.ent: Remove entities for VERSION.xml and
  | 	  legalnotice.xml
  | 
  | 2003-12-23  Norman Walsh <nwalsh@users.sourceforge.net>
  | 
  | 	* elements.e.ent, elements.ent, elements.u.ent, refpurps.ent:
  | 	  First attempt at building a V4.3 book
  | 

Changes to en/refpages/*

  | 2003-12-23  Norman Walsh <nwalsh@users.sourceforge.net>
  | 
  | 	* references.xml: First attempt at building a V4.3 book
  | 

Changes to en/stylesheets/*

  | 2003-12-31  Norman Walsh <nwalsh@users.sourceforge.net>
  | 
  | 	* dbv5.xsl: New file.
  | 
  | 	* tdg.xsl: Table presentation cleanup and optionally handle
  | 	  RNG code
  | 
  | 2003-12-23  Norman Walsh <nwalsh@users.sourceforge.net>
  | 
  | 	* identity.xsl, tdg.xsl: First attempt at building a V4.3 book
  | 
  | 2003-01-25  Jirka Kosek <kosek@users.sourceforge.net>
  | 
  | 	* htmlhelp.xsl: Updated HTML Help generation. Character
  | 	  entities' images are now compiled into CHM.
  | 

Changes to en/build/bin/*

  | 2003-12-31  Norman Walsh <nwalsh@users.sourceforge.net>
  | 
  | 	* bash.paths: Update to 4.3CR2
  | 
  | 2003-12-23  Norman Walsh <nwalsh@users.sourceforge.net>
  | 
  | 	* bash.paths, nutparse: First attempt at building a V4.3 book
  | 

Changes to en/build/lib/*

  | 2003-12-31  Norman Walsh <nwalsh@users.sourceforge.net>
  | 
  | 	* .cvsignore: Ignore db5doc.xml
  | 
  | 2003-12-23  Norman Walsh <nwalsh@users.sourceforge.net>
  | 
  | 	* .cvsignore, parament.classes, refentry.pl: First attempt at
  | 	  building a V4.3 book
  | 

Changes to en/figures/100dpi/*

  | 2003-12-23  Norman Walsh <nwalsh@users.sourceforge.net>
  | 
  | 	* fermat.png: Fix equation
  | 
  | 	* rev_4.3.png: New file.
  | 

Changes to en/figures/300dpi/*

  | 2003-12-23  Norman Walsh <nwalsh@users.sourceforge.net>
  | 
  | 	* rev_4.3.png: New file.
  | 

Changes to en/refpages/charents/*

  | 2003-12-31  Norman Walsh <nwalsh@users.sourceforge.net>
  | 
  | 	* iso-amsa.gen, iso-amsb.gen, iso-amsc.gen, iso-amsn.gen,
  | 	  iso-amso.gen, iso-amsr.gen, iso-box.gen, iso-cyr1.gen,
  | 	  iso-cyr2.gen, iso-dia.gen, iso-grk1.gen, iso-grk2.gen,
  | 	  iso-grk3.gen, iso-grk4.gen, iso-lat1.gen, iso-lat2.gen,
  | 	  iso-num.gen, iso-pub.gen, iso-tech.gen: Remove character
  | 	  table
  | 
  | 	* iso-amsa.xml, iso-amsb.xml, iso-amsc.xml, iso-amsn.xml,
  | 	  iso-amso.xml, iso-amsr.xml, iso-box.xml, iso-cyr1.xml,
  | 	  iso-cyr2.xml, iso-dia.xml, iso-grk1.xml, iso-grk2.xml,
  | 	  iso-grk3.xml, iso-grk4.xml, iso-lat1.xml, iso-lat2.xml,
  | 	  iso-num.xml, iso-pub.xml, iso-tech.xml: Remove character
  | 	  tables; point to W3C 2003/entities
  | 

Changes to en/refpages/notations/*

  | 2003-12-30  Norman Walsh <nwalsh@users.sourceforge.net>
  | 
  | 	* notations.gen: Updated to DocBook V4.3CR2
  | 
  | 2003-12-23  Norman Walsh <nwalsh@users.sourceforge.net>
  | 
  | 	* notations.gen: First attempt at building a V4.3 book
  | 

Changes to en/refpages/paraments/*

  | 2003-12-30  Norman Walsh <nwalsh@users.sourceforge.net>
  | 
  | 	* attlist.e.gen, attlist.u.gen, attrib.e.gen, attrib.u.gen,
  | 	  cals.e.gen, cals.u.gen, common.e.gen, common.u.gen,
  | 	  db.e.gen, db.u.gen, htmltables.e.gen, htmltables.u.gen,
  | 	  lattrib.e.gen, lattrib.u.gen, mix.e.gen, mix.u.gen,
  | 	  module.e.gen, module.u.gen, role.e.gen, role.u.gen: Updated
  | 	  to DocBook V4.3CR2
  | 
  | 2003-12-23  Norman Walsh <nwalsh@users.sourceforge.net>
  | 
  | 	* attlist.e.gen, attlist.u.gen, attrib.e.gen, attrib.u.gen,
  | 	  attval.e.gen, attval.u.gen, cals.e.gen, cals.u.gen,
  | 	  class.e.gen, class.u.gen, cmodule.e.gen, cmodule.u.gen,
  | 	  common.e.gen, common.u.gen, content.e.gen, content.u.gen,
  | 	  db.e.gen, db.u.gen, element.e.gen, element.u.gen,
  | 	  hook.e.gen, hook.u.gen, htmltables.e.gen, htmltables.u.gen,
  | 	  lattrib.e.gen, lattrib.u.gen, mix.e.gen, mix.u.gen,
  | 	  module.e.gen, module.u.gen, role.e.gen, role.u.gen: First
  | 	  attempt at building a V4.3 book
  | 

Changes to en/refpages/elements/abbrev/*

  | 2003-12-30  Norman Walsh <nwalsh@users.sourceforge.net>
  | 
  | 	* parents.gen: Updated to DocBook V4.3CR2
  | 
  | 2003-12-23  Norman Walsh <nwalsh@users.sourceforge.net>
  | 
  | 	* parents.gen: First attempt at building a V4.3 book
  | 

Changes to en/refpages/elements/abstract/*

  | 2003-12-23  Norman Walsh <nwalsh@users.sourceforge.net>
  | 
  | 	* parents.gen: First attempt at building a V4.3 book
  | 

Changes to en/refpages/elements/acronym/*

  | 2003-12-23  Norman Walsh <nwalsh@users.sourceforge.net>
  | 
  | 	* parents.gen: First attempt at building a V4.3 book
  | 

Changes to en/refpages/elements/action/*

  | 2003-12-30  Norman Walsh <nwalsh@users.sourceforge.net>
  | 
  | 	* parents.gen: Updated to DocBook V4.3CR2
  | 
  | 2003-12-23  Norman Walsh <nwalsh@users.sourceforge.net>
  | 
  | 	* children.gen, parents.gen, synopsis.e.gen: First attempt at
  | 	  building a V4.3 book
  | 

Changes to en/refpages/elements/address/*

  | 2003-12-30  Norman Walsh <nwalsh@users.sourceforge.net>
  | 
  | 	* synopsis.e.gen, synopsis.u.gen: Updated to DocBook V4.3CR2
  | 
  | 2003-12-23  Norman Walsh <nwalsh@users.sourceforge.net>
  | 
  | 	* parents.gen, synopsis.e.gen, synopsis.u.gen: First attempt
  | 	  at building a V4.3 book
  | 

Changes to en/refpages/elements/anchor/*

  | 2003-12-30  Norman Walsh <nwalsh@users.sourceforge.net>
  | 
  | 	* synopsis.e.gen, synopsis.u.gen: Updated to DocBook V4.3CR2
  | 
  | 2003-12-23  Norman Walsh <nwalsh@users.sourceforge.net>
  | 
  | 	* parents.gen, synopsis.e.gen, synopsis.u.gen: First attempt
  | 	  at building a V4.3 book
  | 

Changes to en/refpages/elements/appendix/*

  | 2003-12-30  Norman Walsh <nwalsh@users.sourceforge.net>
  | 
  | 	* synopsis.e.gen, synopsis.u.gen: Updated to DocBook V4.3CR2
  | 
  | 2003-12-23  Norman Walsh <nwalsh@users.sourceforge.net>
  | 
  | 	* children.gen, synopsis.e.gen, synopsis.u.gen: First attempt
  | 	  at building a V4.3 book
  | 

Changes to en/refpages/elements/appendixinfo/*

  | 2003-12-23  Norman Walsh <nwalsh@users.sourceforge.net>
  | 
  | 	* children.gen, synopsis.e.gen: First attempt at building a
  | 	  V4.3 book
  | 

Changes to en/refpages/elements/application/*

  | 2003-12-30  Norman Walsh <nwalsh@users.sourceforge.net>
  | 
  | 	* parents.gen: Updated to DocBook V4.3CR2
  | 
  | 2003-12-23  Norman Walsh <nwalsh@users.sourceforge.net>
  | 
  | 	* children.gen, parents.gen, synopsis.e.gen: First attempt at
  | 	  building a V4.3 book
  | 

Changes to en/refpages/elements/area/*

  | 2003-12-30  Norman Walsh <nwalsh@users.sourceforge.net>
  | 
  | 	* synopsis.e.gen, synopsis.u.gen: Updated to DocBook V4.3CR2
  | 
  | 2003-12-23  Norman Walsh <nwalsh@users.sourceforge.net>
  | 
  | 	* synopsis.e.gen, synopsis.u.gen: First attempt at building a
  | 	  V4.3 book
  | 
  | 2003-08-17  Norman Walsh <nwalsh@users.sourceforge.net>
  | 
  | 	* refentry.xml: Identify lower left corner
  | 

Changes to en/refpages/elements/areaset/*

  | 2003-12-30  Norman Walsh <nwalsh@users.sourceforge.net>
  | 
  | 	* synopsis.e.gen, synopsis.u.gen: Updated to DocBook V4.3CR2
  | 
  | 2003-12-23  Norman Walsh <nwalsh@users.sourceforge.net>
  | 
  | 	* synopsis.e.gen, synopsis.u.gen: First attempt at building a
  | 	  V4.3 book
  | 

Changes to en/refpages/elements/arg/*

  | 2003-12-30  Norman Walsh <nwalsh@users.sourceforge.net>
  | 
  | 	* synopsis.e.gen, synopsis.u.gen: Updated to DocBook V4.3CR2
  | 

Changes to en/refpages/elements/article/*

  | 2003-12-30  Norman Walsh <nwalsh@users.sourceforge.net>
  | 
  | 	* synopsis.e.gen, synopsis.u.gen: Updated to DocBook V4.3CR2
  | 
  | 2003-12-23  Norman Walsh <nwalsh@users.sourceforge.net>
  | 
  | 	* children.gen, synopsis.e.gen, synopsis.u.gen: First attempt
  | 	  at building a V4.3 book
  | 

Changes to en/refpages/elements/articleinfo/*

  | 2003-12-23  Norman Walsh <nwalsh@users.sourceforge.net>
  | 
  | 	* children.gen, synopsis.e.gen: First attempt at building a
  | 	  V4.3 book
  | 

Changes to en/refpages/elements/attribution/*

  | 2003-12-23  Norman Walsh <nwalsh@users.sourceforge.net>
  | 
  | 	* children.gen, synopsis.e.gen: First attempt at building a
  | 	  V4.3 book
  | 

Changes to en/refpages/elements/audiodata/*

  | 2003-12-30  Norman Walsh <nwalsh@users.sourceforge.net>
  | 
  | 	* synopsis.e.gen, synopsis.u.gen: Updated to DocBook V4.3CR2
  | 
  | 2003-12-23  Norman Walsh <nwalsh@users.sourceforge.net>
  | 
  | 	* synopsis.e.gen, synopsis.u.gen: First attempt at building a
  | 	  V4.3 book
  | 

Changes to en/refpages/elements/author/*

  | 2003-12-30  Norman Walsh <nwalsh@users.sourceforge.net>
  | 
  | 	* parents.gen: Updated to DocBook V4.3CR2
  | 
  | 2003-12-23  Norman Walsh <nwalsh@users.sourceforge.net>
  | 
  | 	* parents.gen: First attempt at building a V4.3 book
  | 

Changes to en/refpages/elements/authorblurb/*

  | 2003-12-23  Norman Walsh <nwalsh@users.sourceforge.net>
  | 
  | 	* parents.gen: First attempt at building a V4.3 book
  | 

Changes to en/refpages/elements/authorgroup/*

  | 2003-12-23  Norman Walsh <nwalsh@users.sourceforge.net>
  | 
  | 	* children.gen, synopsis.e.gen, synopsis.u.gen: First attempt
  | 	  at building a V4.3 book
  | 

Changes to en/refpages/elements/authorinitials/*

  | 2003-12-30  Norman Walsh <nwalsh@users.sourceforge.net>
  | 
  | 	* parents.gen: Updated to DocBook V4.3CR2
  | 
  | 2003-12-23  Norman Walsh <nwalsh@users.sourceforge.net>
  | 
  | 	* parents.gen: First attempt at building a V4.3 book
  | 

Changes to en/refpages/elements/beginpage/*

  | 2003-12-23  Norman Walsh <nwalsh@users.sourceforge.net>
  | 
  | 	* parents.gen: First attempt at building a V4.3 book
  | 

Changes to en/refpages/elements/bibliocoverage/*

  | 2003-12-30  Norman Walsh <nwalsh@users.sourceforge.net>
  | 
  | 	* synopsis.e.gen, synopsis.u.gen: Updated to DocBook V4.3CR2
  | 
  | 2003-12-23  Norman Walsh <nwalsh@users.sourceforge.net>
  | 
  | 	* synopsis.e.gen, synopsis.u.gen: First attempt at building a
  | 	  V4.3 book
  | 

Changes to en/refpages/elements/bibliodiv/*

  | 2003-12-23  Norman Walsh <nwalsh@users.sourceforge.net>
  | 
  | 	* children.gen, synopsis.e.gen: First attempt at building a
  | 	  V4.3 book
  | 

Changes to en/refpages/elements/biblioentry/*

  | 2003-12-23  Norman Walsh <nwalsh@users.sourceforge.net>
  | 
  | 	* children.gen, synopsis.e.gen: First attempt at building a
  | 	  V4.3 book
  | 

Changes to en/refpages/elements/bibliography/*

  | 2003-12-23  Norman Walsh <nwalsh@users.sourceforge.net>
  | 
  | 	* children.gen, synopsis.e.gen: First attempt at building a
  | 	  V4.3 book
  | 

Changes to en/refpages/elements/bibliographyinfo/*

  | 2003-12-23  Norman Walsh <nwalsh@users.sourceforge.net>
  | 
  | 	* children.gen, synopsis.e.gen: First attempt at building a
  | 	  V4.3 book
  | 

Changes to en/refpages/elements/bibliomisc/*

  | 2003-12-23  Norman Walsh <nwalsh@users.sourceforge.net>
  | 
  | 	* children.gen, synopsis.e.gen: First attempt at building a
  | 	  V4.3 book
  | 

Changes to en/refpages/elements/bibliomixed/*

  | 2003-12-23  Norman Walsh <nwalsh@users.sourceforge.net>
  | 
  | 	* children.gen, synopsis.e.gen: First attempt at building a
  | 	  V4.3 book
  | 

Changes to en/refpages/elements/bibliomset/*

  | 2003-12-23  Norman Walsh <nwalsh@users.sourceforge.net>
  | 
  | 	* children.gen, synopsis.e.gen: First attempt at building a
  | 	  V4.3 book
  | 

Changes to en/refpages/elements/bibliorelation/*

  | 2003-12-30  Norman Walsh <nwalsh@users.sourceforge.net>
  | 
  | 	* synopsis.e.gen, synopsis.u.gen: Updated to DocBook V4.3CR2
  | 
  | 2003-12-23  Norman Walsh <nwalsh@users.sourceforge.net>
  | 
  | 	* synopsis.e.gen, synopsis.u.gen: First attempt at building a
  | 	  V4.3 book
  | 

Changes to en/refpages/elements/biblioset/*

  | 2003-12-23  Norman Walsh <nwalsh@users.sourceforge.net>
  | 
  | 	* children.gen, synopsis.e.gen: First attempt at building a
  | 	  V4.3 book
  | 

Changes to en/refpages/elements/blockinfo/*

  | 2003-12-23  Norman Walsh <nwalsh@users.sourceforge.net>
  | 
  | 	* children.gen, parents.gen, synopsis.e.gen: First attempt at
  | 	  building a V4.3 book
  | 

Changes to en/refpages/elements/blockquote/*

  | 2003-12-23  Norman Walsh <nwalsh@users.sourceforge.net>
  | 
  | 	* children.gen, parents.gen, synopsis.e.gen, synopsis.u.gen:
  | 	  First attempt at building a V4.3 book
  | 

Changes to en/refpages/elements/book/*

  | 2003-12-30  Norman Walsh <nwalsh@users.sourceforge.net>
  | 
  | 	* synopsis.e.gen, synopsis.u.gen: Updated to DocBook V4.3CR2
  | 
  | 2003-12-23  Norman Walsh <nwalsh@users.sourceforge.net>
  | 
  | 	* synopsis.e.gen, synopsis.u.gen: First attempt at building a
  | 	  V4.3 book
  | 

Changes to en/refpages/elements/bookinfo/*

  | 2003-12-23  Norman Walsh <nwalsh@users.sourceforge.net>
  | 
  | 	* children.gen, example.1.txt, synopsis.e.gen: First attempt
  | 	  at building a V4.3 book
  | 

Changes to en/refpages/elements/bridgehead/*

  | 2003-12-23  Norman Walsh <nwalsh@users.sourceforge.net>
  | 
  | 	* children.gen, parents.gen, synopsis.e.gen: First attempt at
  | 	  building a V4.3 book
  | 

Changes to en/refpages/elements/callout/*

  | 2003-12-23  Norman Walsh <nwalsh@users.sourceforge.net>
  | 
  | 	* children.gen, synopsis.e.gen: First attempt at building a
  | 	  V4.3 book
  | 

Changes to en/refpages/elements/calloutlist/*

  | 2003-12-23  Norman Walsh <nwalsh@users.sourceforge.net>
  | 
  | 	* parents.gen: First attempt at building a V4.3 book
  | 

Changes to en/refpages/elements/caption/*

  | 2003-12-30  Norman Walsh <nwalsh@users.sourceforge.net>
  | 
  | 	* synopsis.e.gen, synopsis.u.gen: Updated to DocBook V4.3CR2
  | 
  | 2003-12-23  Norman Walsh <nwalsh@users.sourceforge.net>
  | 
  | 	* parents.gen, synopsis.e.gen, synopsis.u.gen: First attempt
  | 	  at building a V4.3 book
  | 

Changes to en/refpages/elements/caution/*

  | 2003-12-23  Norman Walsh <nwalsh@users.sourceforge.net>
  | 
  | 	* parents.gen: First attempt at building a V4.3 book
  | 

Changes to en/refpages/elements/chapter/*

  | 2003-12-30  Norman Walsh <nwalsh@users.sourceforge.net>
  | 
  | 	* synopsis.e.gen, synopsis.u.gen: Updated to DocBook V4.3CR2
  | 
  | 2003-12-23  Norman Walsh <nwalsh@users.sourceforge.net>
  | 
  | 	* children.gen, synopsis.e.gen, synopsis.u.gen: First attempt
  | 	  at building a V4.3 book
  | 

Changes to en/refpages/elements/chapterinfo/*

  | 2003-12-23  Norman Walsh <nwalsh@users.sourceforge.net>
  | 
  | 	* children.gen, synopsis.e.gen: First attempt at building a
  | 	  V4.3 book
  | 

Changes to en/refpages/elements/citation/*

  | 2003-12-30  Norman Walsh <nwalsh@users.sourceforge.net>
  | 
  | 	* parents.gen: Updated to DocBook V4.3CR2
  | 
  | 2003-12-23  Norman Walsh <nwalsh@users.sourceforge.net>
  | 
  | 	* children.gen, parents.gen, synopsis.e.gen: First attempt at
  | 	  building a V4.3 book
  | 

Changes to en/refpages/elements/citerefentry/*

  | 2003-12-30  Norman Walsh <nwalsh@users.sourceforge.net>
  | 
  | 	* parents.gen: Updated to DocBook V4.3CR2
  | 
  | 2003-12-23  Norman Walsh <nwalsh@users.sourceforge.net>
  | 
  | 	* parents.gen: First attempt at building a V4.3 book
  | 

Changes to en/refpages/elements/citetitle/*

  | 2003-12-30  Norman Walsh <nwalsh@users.sourceforge.net>
  | 
  | 	* parents.gen: Updated to DocBook V4.3CR2
  | 
  | 2003-12-23  Norman Walsh <nwalsh@users.sourceforge.net>
  | 
  | 	* children.gen, parents.gen, synopsis.e.gen, synopsis.u.gen:
  | 	  First attempt at building a V4.3 book
  | 

Changes to en/refpages/elements/classname/*

  | 2003-12-30  Norman Walsh <nwalsh@users.sourceforge.net>
  | 
  | 	* parents.gen: Updated to DocBook V4.3CR2
  | 
  | 2003-12-23  Norman Walsh <nwalsh@users.sourceforge.net>
  | 
  | 	* parents.gen: First attempt at building a V4.3 book
  | 

Changes to en/refpages/elements/classsynopsis/*

  | 2003-12-30  Norman Walsh <nwalsh@users.sourceforge.net>
  | 
  | 	* parents.gen: Updated to DocBook V4.3CR2
  | 
  | 2003-12-23  Norman Walsh <nwalsh@users.sourceforge.net>
  | 
  | 	* parents.gen: First attempt at building a V4.3 book
  | 

Changes to en/refpages/elements/classsynopsisinfo/*

  | 2003-12-30  Norman Walsh <nwalsh@users.sourceforge.net>
  | 
  | 	* synopsis.e.gen, synopsis.u.gen: Updated to DocBook V4.3CR2
  | 
  | 2003-12-23  Norman Walsh <nwalsh@users.sourceforge.net>
  | 
  | 	* children.gen, synopsis.e.gen, synopsis.u.gen: First attempt
  | 	  at building a V4.3 book
  | 

Changes to en/refpages/elements/cmdsynopsis/*

  | 2003-12-30  Norman Walsh <nwalsh@users.sourceforge.net>
  | 
  | 	* parents.gen: Updated to DocBook V4.3CR2
  | 
  | 2003-12-23  Norman Walsh <nwalsh@users.sourceforge.net>
  | 
  | 	* parents.gen: First attempt at building a V4.3 book
  | 

Changes to en/refpages/elements/co/*

  | 2003-12-30  Norman Walsh <nwalsh@users.sourceforge.net>
  | 
  | 	* synopsis.e.gen, synopsis.u.gen: Updated to DocBook V4.3CR2
  | 
  | 2003-12-23  Norman Walsh <nwalsh@users.sourceforge.net>
  | 
  | 	* entities.e.ent, entities.u.ent, example.1.gen,
  | 	  example.1.txt, synopsis.e.gen, synopsis.u.gen: First attempt
  | 	  at building a V4.3 book
  | 

Changes to en/refpages/elements/code/*

  | 2003-12-30  Norman Walsh <nwalsh@users.sourceforge.net>
  | 
  | 	* parents.gen, synopsis.e.gen, synopsis.u.gen: Updated to
  | 	  DocBook V4.3CR2
  | 
  | 2003-12-23  Norman Walsh <nwalsh@users.sourceforge.net>
  | 
  | 	* children.gen, entities.e.ent, entities.u.ent, parents.gen,
  | 	  refentry.xml, reference.e.xml, reference.u.xml,
  | 	  synopsis.e.gen, synopsis.u.gen: New file.
  | 

Changes to en/refpages/elements/col/*

  | 2003-12-30  Norman Walsh <nwalsh@users.sourceforge.net>
  | 
  | 	* synopsis.e.gen, synopsis.u.gen: Updated to DocBook V4.3CR2
  | 
  | 2003-12-23  Norman Walsh <nwalsh@users.sourceforge.net>
  | 
  | 	* entities.e.ent, entities.u.ent, parents.gen, refentry.xml,
  | 	  reference.e.xml, reference.u.xml, synopsis.e.gen,
  | 	  synopsis.u.gen: New file.
  | 

Changes to en/refpages/elements/colgroup/*

  | 2003-12-30  Norman Walsh <nwalsh@users.sourceforge.net>
  | 
  | 	* synopsis.e.gen, synopsis.u.gen: Updated to DocBook V4.3CR2
  | 
  | 2003-12-23  Norman Walsh <nwalsh@users.sourceforge.net>
  | 
  | 	* children.gen, entities.e.ent, entities.u.ent, parents.gen,
  | 	  refentry.xml, reference.e.xml, reference.u.xml,
  | 	  synopsis.e.gen, synopsis.u.gen: New file.
  | 

Changes to en/refpages/elements/colspec/*

  | 2003-12-30  Norman Walsh <nwalsh@users.sourceforge.net>
  | 
  | 	* synopsis.e.gen, synopsis.u.gen: Updated to DocBook V4.3CR2
  | 
  | 2003-12-23  Norman Walsh <nwalsh@users.sourceforge.net>
  | 
  | 	* synopsis.e.gen, synopsis.u.gen: First attempt at building a
  | 	  V4.3 book
  | 

Changes to en/refpages/elements/command/*

  | 2003-12-30  Norman Walsh <nwalsh@users.sourceforge.net>
  | 
  | 	* parents.gen: Updated to DocBook V4.3CR2
  | 
  | 2003-12-23  Norman Walsh <nwalsh@users.sourceforge.net>
  | 
  | 	* children.gen, parents.gen, synopsis.e.gen: First attempt at
  | 	  building a V4.3 book
  | 

Changes to en/refpages/elements/computeroutput/*

  | 2003-12-30  Norman Walsh <nwalsh@users.sourceforge.net>
  | 
  | 	* parents.gen: Updated to DocBook V4.3CR2
  | 
  | 2003-12-23  Norman Walsh <nwalsh@users.sourceforge.net>
  | 
  | 	* children.gen, parents.gen, synopsis.e.gen: First attempt at
  | 	  building a V4.3 book
  | 

Changes to en/refpages/elements/constant/*

  | 2003-12-30  Norman Walsh <nwalsh@users.sourceforge.net>
  | 
  | 	* parents.gen: Updated to DocBook V4.3CR2
  | 
  | 2003-12-23  Norman Walsh <nwalsh@users.sourceforge.net>
  | 
  | 	* parents.gen: First attempt at building a V4.3 book
  | 

Changes to en/refpages/elements/constraintdef/*

  | 2003-12-23  Norman Walsh <nwalsh@users.sourceforge.net>
  | 
  | 	* parents.gen: First attempt at building a V4.3 book
  | 

Changes to en/refpages/elements/constructorsynopsis/*

  | 2003-12-30  Norman Walsh <nwalsh@users.sourceforge.net>
  | 
  | 	* parents.gen: Updated to DocBook V4.3CR2
  | 
  | 2003-12-23  Norman Walsh <nwalsh@users.sourceforge.net>
  | 
  | 	* parents.gen, synopsis.e.gen, synopsis.u.gen: First attempt
  | 	  at building a V4.3 book
  | 

Changes to en/refpages/elements/coref/*

  | 2003-12-30  Norman Walsh <nwalsh@users.sourceforge.net>
  | 
  | 	* synopsis.e.gen, synopsis.u.gen: Updated to DocBook V4.3CR2
  | 

Changes to en/refpages/elements/corpauthor/*

  | 2003-12-30  Norman Walsh <nwalsh@users.sourceforge.net>
  | 
  | 	* parents.gen: Updated to DocBook V4.3CR2
  | 
  | 2003-12-23  Norman Walsh <nwalsh@users.sourceforge.net>
  | 
  | 	* parents.gen: First attempt at building a V4.3 book
  | 

Changes to en/refpages/elements/corpcredit/*

  | 2003-12-30  Norman Walsh <nwalsh@users.sourceforge.net>
  | 
  | 	* parents.gen: Updated to DocBook V4.3CR2
  | 
  | 2003-12-23  Norman Walsh <nwalsh@users.sourceforge.net>
  | 
  | 	* children.gen, entities.e.ent, entities.u.ent, parents.gen,
  | 	  refentry.xml, reference.e.xml, reference.u.xml,
  | 	  synopsis.e.gen, synopsis.u.gen: New file.
  | 

Changes to en/refpages/elements/database/*

  | 2003-12-30  Norman Walsh <nwalsh@users.sourceforge.net>
  | 
  | 	* parents.gen: Updated to DocBook V4.3CR2
  | 
  | 2003-12-23  Norman Walsh <nwalsh@users.sourceforge.net>
  | 
  | 	* children.gen, parents.gen, synopsis.e.gen, synopsis.u.gen:
  | 	  First attempt at building a V4.3 book
  | 

Changes to en/refpages/elements/destructorsynopsis/*

  | 2003-12-30  Norman Walsh <nwalsh@users.sourceforge.net>
  | 
  | 	* parents.gen: Updated to DocBook V4.3CR2
  | 
  | 2003-12-23  Norman Walsh <nwalsh@users.sourceforge.net>
  | 
  | 	* parents.gen, synopsis.e.gen, synopsis.u.gen: First attempt
  | 	  at building a V4.3 book
  | 

Changes to en/refpages/elements/email/*

  | 2003-12-30  Norman Walsh <nwalsh@users.sourceforge.net>
  | 
  | 	* parents.gen: Updated to DocBook V4.3CR2
  | 
  | 2003-12-23  Norman Walsh <nwalsh@users.sourceforge.net>
  | 
  | 	* parents.gen: First attempt at building a V4.3 book
  | 

Changes to en/refpages/elements/emphasis/*

  | 2003-12-23  Norman Walsh <nwalsh@users.sourceforge.net>
  | 
  | 	* children.gen, parents.gen, synopsis.e.gen: First attempt at
  | 	  building a V4.3 book
  | 

Changes to en/refpages/elements/entry/*

  | 2003-12-30  Norman Walsh <nwalsh@users.sourceforge.net>
  | 
  | 	* synopsis.e.gen, synopsis.u.gen: Updated to DocBook V4.3CR2
  | 
  | 2003-12-23  Norman Walsh <nwalsh@users.sourceforge.net>
  | 
  | 	* children.gen, synopsis.e.gen, synopsis.u.gen: First attempt
  | 	  at building a V4.3 book
  | 

Changes to en/refpages/elements/entrytbl/*

  | 2003-12-30  Norman Walsh <nwalsh@users.sourceforge.net>
  | 
  | 	* synopsis.e.gen, synopsis.u.gen: Updated to DocBook V4.3CR2
  | 
  | 2003-12-23  Norman Walsh <nwalsh@users.sourceforge.net>
  | 
  | 	* synopsis.e.gen, synopsis.u.gen: First attempt at building a
  | 	  V4.3 book
  | 

Changes to en/refpages/elements/envar/*

  | 2003-12-30  Norman Walsh <nwalsh@users.sourceforge.net>
  | 
  | 	* parents.gen: Updated to DocBook V4.3CR2
  | 
  | 2003-12-23  Norman Walsh <nwalsh@users.sourceforge.net>
  | 
  | 	* parents.gen: First attempt at building a V4.3 book
  | 

Changes to en/refpages/elements/epigraph/*

  | 2003-12-23  Norman Walsh <nwalsh@users.sourceforge.net>
  | 
  | 	* parents.gen: First attempt at building a V4.3 book
  | 

Changes to en/refpages/elements/equation/*

  | 2003-12-30  Norman Walsh <nwalsh@users.sourceforge.net>
  | 
  | 	* example.1.gen, example.1.txt: Updated to DocBook V4.3CR2
  | 
  | 2003-12-23  Norman Walsh <nwalsh@users.sourceforge.net>
  | 
  | 	* example.1.gen, example.1.txt, parents.gen, synopsis.e.gen,
  | 	  synopsis.u.gen: First attempt at building a V4.3 book
  | 
  | 	* example.1.xml: Fix equation
  | 

Changes to en/refpages/elements/errorcode/*

  | 2003-12-30  Norman Walsh <nwalsh@users.sourceforge.net>
  | 
  | 	* parents.gen: Updated to DocBook V4.3CR2
  | 
  | 2003-12-23  Norman Walsh <nwalsh@users.sourceforge.net>
  | 
  | 	* example.1.gen, example.1.txt, parents.gen: First attempt at
  | 	  building a V4.3 book
  | 

Changes to en/refpages/elements/errorname/*

  | 2003-12-30  Norman Walsh <nwalsh@users.sourceforge.net>
  | 
  | 	* parents.gen: Updated to DocBook V4.3CR2
  | 
  | 2003-12-23  Norman Walsh <nwalsh@users.sourceforge.net>
  | 
  | 	* parents.gen: First attempt at building a V4.3 book
  | 

Changes to en/refpages/elements/errortext/*

  | 2003-12-30  Norman Walsh <nwalsh@users.sourceforge.net>
  | 
  | 	* parents.gen: Updated to DocBook V4.3CR2
  | 
  | 2003-12-23  Norman Walsh <nwalsh@users.sourceforge.net>
  | 
  | 	* parents.gen: First attempt at building a V4.3 book
  | 

Changes to en/refpages/elements/errortype/*

  | 2003-12-30  Norman Walsh <nwalsh@users.sourceforge.net>
  | 
  | 	* parents.gen: Updated to DocBook V4.3CR2
  | 
  | 2003-12-23  Norman Walsh <nwalsh@users.sourceforge.net>
  | 
  | 	* parents.gen: First attempt at building a V4.3 book
  | 

Changes to en/refpages/elements/example/*

  | 2003-12-30  Norman Walsh <nwalsh@users.sourceforge.net>
  | 
  | 	* synopsis.e.gen, synopsis.u.gen: Updated to DocBook V4.3CR2
  | 
  | 2003-12-23  Norman Walsh <nwalsh@users.sourceforge.net>
  | 
  | 	* parents.gen, synopsis.e.gen, synopsis.u.gen: First attempt
  | 	  at building a V4.3 book
  | 

Changes to en/refpages/elements/exceptionname/*

  | 2003-12-30  Norman Walsh <nwalsh@users.sourceforge.net>
  | 
  | 	* parents.gen: Updated to DocBook V4.3CR2
  | 
  | 2003-12-23  Norman Walsh <nwalsh@users.sourceforge.net>
  | 
  | 	* parents.gen: First attempt at building a V4.3 book
  | 

Changes to en/refpages/elements/fieldsynopsis/*

  | 2003-12-30  Norman Walsh <nwalsh@users.sourceforge.net>
  | 
  | 	* parents.gen: Updated to DocBook V4.3CR2
  | 
  | 2003-12-23  Norman Walsh <nwalsh@users.sourceforge.net>
  | 
  | 	* parents.gen: First attempt at building a V4.3 book
  | 

Changes to en/refpages/elements/figure/*

  | 2003-12-23  Norman Walsh <nwalsh@users.sourceforge.net>
  | 
  | 	* example.1.gen, example.1.txt, parents.gen, synopsis.e.gen,
  | 	  synopsis.u.gen: First attempt at building a V4.3 book
  | 
  | 2003-08-18  Norman Walsh <nwalsh@users.sourceforge.net>
  | 
  | 	* example.1.xml: Fix spelling error in title
  | 

Changes to en/refpages/elements/filename/*

  | 2003-12-30  Norman Walsh <nwalsh@users.sourceforge.net>
  | 
  | 	* parents.gen: Updated to DocBook V4.3CR2
  | 
  | 2003-12-23  Norman Walsh <nwalsh@users.sourceforge.net>
  | 
  | 	* children.gen, parents.gen, synopsis.e.gen: First attempt at
  | 	  building a V4.3 book
  | 

Changes to en/refpages/elements/firstterm/*

  | 2003-12-30  Norman Walsh <nwalsh@users.sourceforge.net>
  | 
  | 	* children.gen, parents.gen, synopsis.e.gen, synopsis.u.gen:
  | 	  Updated to DocBook V4.3CR2
  | 
  | 2003-12-23  Norman Walsh <nwalsh@users.sourceforge.net>
  | 
  | 	* parents.gen: First attempt at building a V4.3 book
  | 

Changes to en/refpages/elements/footnote/*

  | 2003-12-30  Norman Walsh <nwalsh@users.sourceforge.net>
  | 
  | 	* parents.gen: Updated to DocBook V4.3CR2
  | 
  | 2003-12-23  Norman Walsh <nwalsh@users.sourceforge.net>
  | 
  | 	* parents.gen: First attempt at building a V4.3 book
  | 

Changes to en/refpages/elements/footnoteref/*

  | 2003-12-30  Norman Walsh <nwalsh@users.sourceforge.net>
  | 
  | 	* parents.gen, synopsis.e.gen, synopsis.u.gen: Updated to
  | 	  DocBook V4.3CR2
  | 
  | 2003-12-23  Norman Walsh <nwalsh@users.sourceforge.net>
  | 
  | 	* parents.gen: First attempt at building a V4.3 book
  | 

Changes to en/refpages/elements/foreignphrase/*

  | 2003-12-30  Norman Walsh <nwalsh@users.sourceforge.net>
  | 
  | 	* parents.gen: Updated to DocBook V4.3CR2
  | 
  | 2003-12-23  Norman Walsh <nwalsh@users.sourceforge.net>
  | 
  | 	* children.gen, parents.gen, synopsis.e.gen: First attempt at
  | 	  building a V4.3 book
  | 

Changes to en/refpages/elements/formalpara/*

  | 2003-12-23  Norman Walsh <nwalsh@users.sourceforge.net>
  | 
  | 	* parents.gen: First attempt at building a V4.3 book
  | 

Changes to en/refpages/elements/funcparams/*

  | 2003-12-23  Norman Walsh <nwalsh@users.sourceforge.net>
  | 
  | 	* children.gen, example.1.gen, example.1.txt, synopsis.e.gen:
  | 	  First attempt at building a V4.3 book
  | 

Changes to en/refpages/elements/funcprototype/*

  | 2003-12-23  Norman Walsh <nwalsh@users.sourceforge.net>
  | 
  | 	* children.gen, synopsis.e.gen, synopsis.u.gen: First attempt
  | 	  at building a V4.3 book
  | 

Changes to en/refpages/elements/funcsynopsis/*

  | 2003-12-30  Norman Walsh <nwalsh@users.sourceforge.net>
  | 
  | 	* parents.gen: Updated to DocBook V4.3CR2
  | 
  | 2003-12-23  Norman Walsh <nwalsh@users.sourceforge.net>
  | 
  | 	* parents.gen: First attempt at building a V4.3 book
  | 

Changes to en/refpages/elements/funcsynopsisinfo/*

  | 2003-12-30  Norman Walsh <nwalsh@users.sourceforge.net>
  | 
  | 	* synopsis.e.gen, synopsis.u.gen: Updated to DocBook V4.3CR2
  | 
  | 2003-12-23  Norman Walsh <nwalsh@users.sourceforge.net>
  | 
  | 	* children.gen, synopsis.e.gen, synopsis.u.gen: First attempt
  | 	  at building a V4.3 book
  | 

Changes to en/refpages/elements/function/*

  | 2003-12-30  Norman Walsh <nwalsh@users.sourceforge.net>
  | 
  | 	* parents.gen: Updated to DocBook V4.3CR2
  | 
  | 2003-12-23  Norman Walsh <nwalsh@users.sourceforge.net>
  | 
  | 	* children.gen, parents.gen, synopsis.e.gen: First attempt at
  | 	  building a V4.3 book
  | 

Changes to en/refpages/elements/glossary/*

  | 2003-12-23  Norman Walsh <nwalsh@users.sourceforge.net>
  | 
  | 	* children.gen, synopsis.e.gen: First attempt at building a
  | 	  V4.3 book
  | 

Changes to en/refpages/elements/glossaryinfo/*

  | 2003-12-23  Norman Walsh <nwalsh@users.sourceforge.net>
  | 
  | 	* children.gen, synopsis.e.gen: First attempt at building a
  | 	  V4.3 book
  | 

Changes to en/refpages/elements/glossdiv/*

  | 2003-12-23  Norman Walsh <nwalsh@users.sourceforge.net>
  | 
  | 	* children.gen, synopsis.e.gen: First attempt at building a
  | 	  V4.3 book
  | 

Changes to en/refpages/elements/glosslist/*

  | 2003-12-23  Norman Walsh <nwalsh@users.sourceforge.net>
  | 
  | 	* children.gen, parents.gen, synopsis.e.gen, synopsis.u.gen:
  | 	  First attempt at building a V4.3 book
  | 

Changes to en/refpages/elements/glosssee/*

  | 2003-12-23  Norman Walsh <nwalsh@users.sourceforge.net>
  | 
  | 	* children.gen, synopsis.e.gen: First attempt at building a
  | 	  V4.3 book
  | 

Changes to en/refpages/elements/glossseealso/*

  | 2003-12-23  Norman Walsh <nwalsh@users.sourceforge.net>
  | 
  | 	* children.gen, synopsis.e.gen: First attempt at building a
  | 	  V4.3 book
  | 

Changes to en/refpages/elements/glossterm/*

  | 2003-12-30  Norman Walsh <nwalsh@users.sourceforge.net>
  | 
  | 	* parents.gen: Updated to DocBook V4.3CR2
  | 
  | 2003-12-23  Norman Walsh <nwalsh@users.sourceforge.net>
  | 
  | 	* children.gen, parents.gen, synopsis.e.gen: First attempt at
  | 	  building a V4.3 book
  | 

Changes to en/refpages/elements/graphic/*

  | 2003-12-30  Norman Walsh <nwalsh@users.sourceforge.net>
  | 
  | 	* synopsis.e.gen, synopsis.u.gen: Updated to DocBook V4.3CR2
  | 
  | 2003-12-23  Norman Walsh <nwalsh@users.sourceforge.net>
  | 
  | 	* parents.gen, synopsis.e.gen, synopsis.u.gen: First attempt
  | 	  at building a V4.3 book
  | 

Changes to en/refpages/elements/graphicco/*

  | 2003-12-23  Norman Walsh <nwalsh@users.sourceforge.net>
  | 
  | 	* parents.gen: First attempt at building a V4.3 book
  | 

Changes to en/refpages/elements/group/*

  | 2003-12-30  Norman Walsh <nwalsh@users.sourceforge.net>
  | 
  | 	* synopsis.e.gen, synopsis.u.gen: Updated to DocBook V4.3CR2
  | 

Changes to en/refpages/elements/guibutton/*

  | 2003-12-30  Norman Walsh <nwalsh@users.sourceforge.net>
  | 
  | 	* parents.gen: Updated to DocBook V4.3CR2
  | 
  | 2003-12-23  Norman Walsh <nwalsh@users.sourceforge.net>
  | 
  | 	* parents.gen: First attempt at building a V4.3 book
  | 

Changes to en/refpages/elements/guiicon/*

  | 2003-12-30  Norman Walsh <nwalsh@users.sourceforge.net>
  | 
  | 	* parents.gen: Updated to DocBook V4.3CR2
  | 
  | 2003-12-23  Norman Walsh <nwalsh@users.sourceforge.net>
  | 
  | 	* parents.gen: First attempt at building a V4.3 book
  | 

Changes to en/refpages/elements/guilabel/*

  | 2003-12-30  Norman Walsh <nwalsh@users.sourceforge.net>
  | 
  | 	* parents.gen: Updated to DocBook V4.3CR2
  | 
  | 2003-12-23  Norman Walsh <nwalsh@users.sourceforge.net>
  | 
  | 	* parents.gen: First attempt at building a V4.3 book
  | 

Changes to en/refpages/elements/guimenu/*

  | 2003-12-30  Norman Walsh <nwalsh@users.sourceforge.net>
  | 
  | 	* parents.gen: Updated to DocBook V4.3CR2
  | 
  | 2003-12-23  Norman Walsh <nwalsh@users.sourceforge.net>
  | 
  | 	* parents.gen: First attempt at building a V4.3 book
  | 

Changes to en/refpages/elements/guimenuitem/*

  | 2003-12-30  Norman Walsh <nwalsh@users.sourceforge.net>
  | 
  | 	* parents.gen: Updated to DocBook V4.3CR2
  | 
  | 2003-12-23  Norman Walsh <nwalsh@users.sourceforge.net>
  | 
  | 	* parents.gen: First attempt at building a V4.3 book
  | 

Changes to en/refpages/elements/guisubmenu/*

  | 2003-12-30  Norman Walsh <nwalsh@users.sourceforge.net>
  | 
  | 	* parents.gen: Updated to DocBook V4.3CR2
  | 
  | 2003-12-23  Norman Walsh <nwalsh@users.sourceforge.net>
  | 
  | 	* parents.gen: First attempt at building a V4.3 book
  | 

Changes to en/refpages/elements/hardware/*

  | 2003-12-30  Norman Walsh <nwalsh@users.sourceforge.net>
  | 
  | 	* parents.gen: Updated to DocBook V4.3CR2
  | 
  | 2003-12-23  Norman Walsh <nwalsh@users.sourceforge.net>
  | 
  | 	* children.gen, parents.gen, synopsis.e.gen: First attempt at
  | 	  building a V4.3 book
  | 

Changes to en/refpages/elements/highlights/*

  | 2003-12-23  Norman Walsh <nwalsh@users.sourceforge.net>
  | 
  | 	* parents.gen: First attempt at building a V4.3 book
  | 

Changes to en/refpages/elements/imagedata/*

  | 2003-12-30  Norman Walsh <nwalsh@users.sourceforge.net>
  | 
  | 	* synopsis.e.gen, synopsis.u.gen: Updated to DocBook V4.3CR2
  | 
  | 2003-12-23  Norman Walsh <nwalsh@users.sourceforge.net>
  | 
  | 	* synopsis.e.gen, synopsis.u.gen: First attempt at building a
  | 	  V4.3 book
  | 

Changes to en/refpages/elements/important/*

  | 2003-12-23  Norman Walsh <nwalsh@users.sourceforge.net>
  | 
  | 	* parents.gen: First attempt at building a V4.3 book
  | 

Changes to en/refpages/elements/index/*

  | 2003-12-23  Norman Walsh <nwalsh@users.sourceforge.net>
  | 
  | 	* children.gen, synopsis.e.gen, synopsis.u.gen: First attempt
  | 	  at building a V4.3 book
  | 

Changes to en/refpages/elements/indexinfo/*

  | 2003-12-23  Norman Walsh <nwalsh@users.sourceforge.net>
  | 
  | 	* children.gen, synopsis.e.gen: First attempt at building a
  | 	  V4.3 book
  | 

Changes to en/refpages/elements/indexterm/*

  | 2003-12-30  Norman Walsh <nwalsh@users.sourceforge.net>
  | 
  | 	* synopsis.e.gen, synopsis.u.gen: Updated to DocBook V4.3CR2
  | 
  | 2003-12-23  Norman Walsh <nwalsh@users.sourceforge.net>
  | 
  | 	* parents.gen, synopsis.e.gen, synopsis.u.gen: First attempt
  | 	  at building a V4.3 book
  | 

Changes to en/refpages/elements/informalequation/*

  | 2003-12-23  Norman Walsh <nwalsh@users.sourceforge.net>
  | 
  | 	* parents.gen, synopsis.e.gen, synopsis.u.gen: First attempt
  | 	  at building a V4.3 book
  | 

Changes to en/refpages/elements/informalexample/*

  | 2003-12-30  Norman Walsh <nwalsh@users.sourceforge.net>
  | 
  | 	* synopsis.e.gen, synopsis.u.gen: Updated to DocBook V4.3CR2
  | 
  | 2003-12-23  Norman Walsh <nwalsh@users.sourceforge.net>
  | 
  | 	* parents.gen, synopsis.e.gen, synopsis.u.gen: First attempt
  | 	  at building a V4.3 book
  | 

Changes to en/refpages/elements/informalfigure/*

  | 2003-12-23  Norman Walsh <nwalsh@users.sourceforge.net>
  | 
  | 	* parents.gen, synopsis.e.gen, synopsis.u.gen: First attempt
  | 	  at building a V4.3 book
  | 

Changes to en/refpages/elements/informaltable/*

  | 2003-12-30  Norman Walsh <nwalsh@users.sourceforge.net>
  | 
  | 	* synopsis.e.gen, synopsis.u.gen: Updated to DocBook V4.3CR2
  | 
  | 2003-12-23  Norman Walsh <nwalsh@users.sourceforge.net>
  | 
  | 	* children.gen, parents.gen, synopsis.e.gen, synopsis.u.gen:
  | 	  First attempt at building a V4.3 book
  | 

Changes to en/refpages/elements/initializer/*

  | 2003-12-23  Norman Walsh <nwalsh@users.sourceforge.net>
  | 
  | 	* parents.gen: First attempt at building a V4.3 book
  | 

Changes to en/refpages/elements/inlineequation/*

  | 2003-12-30  Norman Walsh <nwalsh@users.sourceforge.net>
  | 
  | 	* parents.gen: Updated to DocBook V4.3CR2
  | 
  | 2003-12-23  Norman Walsh <nwalsh@users.sourceforge.net>
  | 
  | 	* parents.gen: First attempt at building a V4.3 book
  | 

Changes to en/refpages/elements/inlinegraphic/*

  | 2003-12-30  Norman Walsh <nwalsh@users.sourceforge.net>
  | 
  | 	* synopsis.e.gen, synopsis.u.gen: Updated to DocBook V4.3CR2
  | 
  | 2003-12-23  Norman Walsh <nwalsh@users.sourceforge.net>
  | 
  | 	* parents.gen, synopsis.e.gen, synopsis.u.gen: First attempt
  | 	  at building a V4.3 book
  | 

Changes to en/refpages/elements/inlinemediaobject/*

  | 2003-12-23  Norman Walsh <nwalsh@users.sourceforge.net>
  | 
  | 	* parents.gen: First attempt at building a V4.3 book
  | 

Changes to en/refpages/elements/interface/*

  | 2003-12-30  Norman Walsh <nwalsh@users.sourceforge.net>
  | 
  | 	* parents.gen: Updated to DocBook V4.3CR2
  | 
  | 2003-12-23  Norman Walsh <nwalsh@users.sourceforge.net>
  | 
  | 	* parents.gen: First attempt at building a V4.3 book
  | 

Changes to en/refpages/elements/interfacename/*

  | 2003-12-30  Norman Walsh <nwalsh@users.sourceforge.net>
  | 
  | 	* parents.gen: Updated to DocBook V4.3CR2
  | 
  | 2003-12-23  Norman Walsh <nwalsh@users.sourceforge.net>
  | 
  | 	* children.gen, parents.gen, synopsis.e.gen: First attempt at
  | 	  building a V4.3 book
  | 

Changes to en/refpages/elements/itemizedlist/*

  | 2003-12-23  Norman Walsh <nwalsh@users.sourceforge.net>
  | 
  | 	* parents.gen: First attempt at building a V4.3 book
  | 

Changes to en/refpages/elements/keycap/*

  | 2003-12-30  Norman Walsh <nwalsh@users.sourceforge.net>
  | 
  | 	* parents.gen, synopsis.e.gen, synopsis.u.gen: Updated to
  | 	  DocBook V4.3CR2
  | 
  | 2003-12-23  Norman Walsh <nwalsh@users.sourceforge.net>
  | 
  | 	* children.gen, parents.gen, synopsis.e.gen, synopsis.u.gen:
  | 	  First attempt at building a V4.3 book
  | 

Changes to en/refpages/elements/keycode/*

  | 2003-12-30  Norman Walsh <nwalsh@users.sourceforge.net>
  | 
  | 	* parents.gen: Updated to DocBook V4.3CR2
  | 
  | 2003-12-23  Norman Walsh <nwalsh@users.sourceforge.net>
  | 
  | 	* parents.gen: First attempt at building a V4.3 book
  | 

Changes to en/refpages/elements/keycombo/*

  | 2003-12-30  Norman Walsh <nwalsh@users.sourceforge.net>
  | 
  | 	* parents.gen, synopsis.e.gen, synopsis.u.gen: Updated to
  | 	  DocBook V4.3CR2
  | 
  | 2003-12-23  Norman Walsh <nwalsh@users.sourceforge.net>
  | 
  | 	* parents.gen, synopsis.e.gen, synopsis.u.gen: First attempt
  | 	  at building a V4.3 book
  | 

Changes to en/refpages/elements/keysym/*

  | 2003-12-30  Norman Walsh <nwalsh@users.sourceforge.net>
  | 
  | 	* parents.gen: Updated to DocBook V4.3CR2
  | 
  | 2003-12-23  Norman Walsh <nwalsh@users.sourceforge.net>
  | 
  | 	* parents.gen: First attempt at building a V4.3 book
  | 

Changes to en/refpages/elements/lhs/*

  | 2003-12-23  Norman Walsh <nwalsh@users.sourceforge.net>
  | 
  | 	* synopsis.e.gen, synopsis.u.gen: First attempt at building a
  | 	  V4.3 book
  | 

Changes to en/refpages/elements/lineannotation/*

  | 2003-12-23  Norman Walsh <nwalsh@users.sourceforge.net>
  | 
  | 	* children.gen, synopsis.e.gen: First attempt at building a
  | 	  V4.3 book
  | 

Changes to en/refpages/elements/link/*

  | 2003-12-30  Norman Walsh <nwalsh@users.sourceforge.net>
  | 
  | 	* synopsis.e.gen, synopsis.u.gen: Updated to DocBook V4.3CR2
  | 
  | 2003-12-23  Norman Walsh <nwalsh@users.sourceforge.net>
  | 
  | 	* children.gen, parents.gen, synopsis.e.gen, synopsis.u.gen:
  | 	  First attempt at building a V4.3 book
  | 

Changes to en/refpages/elements/listitem/*

  | 2003-12-23  Norman Walsh <nwalsh@users.sourceforge.net>
  | 
  | 	* children.gen, synopsis.e.gen: First attempt at building a
  | 	  V4.3 book
  | 

Changes to en/refpages/elements/literal/*

  | 2003-12-30  Norman Walsh <nwalsh@users.sourceforge.net>
  | 
  | 	* parents.gen: Updated to DocBook V4.3CR2
  | 
  | 2003-12-23  Norman Walsh <nwalsh@users.sourceforge.net>
  | 
  | 	* children.gen, parents.gen, synopsis.e.gen: First attempt at
  | 	  building a V4.3 book
  | 

Changes to en/refpages/elements/literallayout/*

  | 2003-12-30  Norman Walsh <nwalsh@users.sourceforge.net>
  | 
  | 	* synopsis.e.gen, synopsis.u.gen: Updated to DocBook V4.3CR2
  | 
  | 2003-12-23  Norman Walsh <nwalsh@users.sourceforge.net>
  | 
  | 	* children.gen, parents.gen, synopsis.e.gen, synopsis.u.gen:
  | 	  First attempt at building a V4.3 book
  | 

Changes to en/refpages/elements/lotentry/*

  | 2003-12-30  Norman Walsh <nwalsh@users.sourceforge.net>
  | 
  | 	* synopsis.e.gen, synopsis.u.gen: Updated to DocBook V4.3CR2
  | 
  | 2003-12-23  Norman Walsh <nwalsh@users.sourceforge.net>
  | 
  | 	* children.gen, synopsis.e.gen, synopsis.u.gen: First attempt
  | 	  at building a V4.3 book
  | 

Changes to en/refpages/elements/markup/*

  | 2003-12-30  Norman Walsh <nwalsh@users.sourceforge.net>
  | 
  | 	* parents.gen: Updated to DocBook V4.3CR2
  | 
  | 2003-12-23  Norman Walsh <nwalsh@users.sourceforge.net>
  | 
  | 	* parents.gen: First attempt at building a V4.3 book
  | 

Changes to en/refpages/elements/medialabel/*

  | 2003-12-30  Norman Walsh <nwalsh@users.sourceforge.net>
  | 
  | 	* parents.gen: Updated to DocBook V4.3CR2
  | 
  | 2003-12-23  Norman Walsh <nwalsh@users.sourceforge.net>
  | 
  | 	* parents.gen: First attempt at building a V4.3 book
  | 

Changes to en/refpages/elements/mediaobject/*

  | 2003-12-23  Norman Walsh <nwalsh@users.sourceforge.net>
  | 
  | 	* parents.gen, synopsis.e.gen, synopsis.u.gen: First attempt
  | 	  at building a V4.3 book
  | 

Changes to en/refpages/elements/mediaobjectco/*

  | 2003-12-23  Norman Walsh <nwalsh@users.sourceforge.net>
  | 
  | 	* parents.gen: First attempt at building a V4.3 book
  | 

Changes to en/refpages/elements/member/*

  | 2003-12-23  Norman Walsh <nwalsh@users.sourceforge.net>
  | 
  | 	* children.gen, synopsis.e.gen: First attempt at building a
  | 	  V4.3 book
  | 

Changes to en/refpages/elements/menuchoice/*

  | 2003-12-30  Norman Walsh <nwalsh@users.sourceforge.net>
  | 
  | 	* parents.gen: Updated to DocBook V4.3CR2
  | 
  | 2003-12-23  Norman Walsh <nwalsh@users.sourceforge.net>
  | 
  | 	* parents.gen: First attempt at building a V4.3 book
  | 

Changes to en/refpages/elements/methodname/*

  | 2003-12-30  Norman Walsh <nwalsh@users.sourceforge.net>
  | 
  | 	* parents.gen: Updated to DocBook V4.3CR2
  | 
  | 2003-12-23  Norman Walsh <nwalsh@users.sourceforge.net>
  | 
  | 	* parents.gen: First attempt at building a V4.3 book
  | 

Changes to en/refpages/elements/methodparam/*

  | 2003-12-30  Norman Walsh <nwalsh@users.sourceforge.net>
  | 
  | 	* synopsis.e.gen, synopsis.u.gen: Updated to DocBook V4.3CR2
  | 

Changes to en/refpages/elements/methodsynopsis/*

  | 2003-12-30  Norman Walsh <nwalsh@users.sourceforge.net>
  | 
  | 	* parents.gen: Updated to DocBook V4.3CR2
  | 
  | 2003-12-23  Norman Walsh <nwalsh@users.sourceforge.net>
  | 
  | 	* parents.gen, refentry.xml, synopsis.e.gen, synopsis.u.gen:
  | 	  First attempt at building a V4.3 book
  | 

Changes to en/refpages/elements/modespec/*

  | 2003-12-30  Norman Walsh <nwalsh@users.sourceforge.net>
  | 
  | 	* parents.gen: Updated to DocBook V4.3CR2
  | 
  | 2003-12-23  Norman Walsh <nwalsh@users.sourceforge.net>
  | 
  | 	* parents.gen, synopsis.e.gen, synopsis.u.gen: First attempt
  | 	  at building a V4.3 book
  | 

Changes to en/refpages/elements/modifier/*

  | 2003-12-23  Norman Walsh <nwalsh@users.sourceforge.net>
  | 
  | 	* parents.gen: First attempt at building a V4.3 book
  | 

Changes to en/refpages/elements/mousebutton/*

  | 2003-12-30  Norman Walsh <nwalsh@users.sourceforge.net>
  | 
  | 	* parents.gen: Updated to DocBook V4.3CR2
  | 
  | 2003-12-23  Norman Walsh <nwalsh@users.sourceforge.net>
  | 
  | 	* parents.gen: First attempt at building a V4.3 book
  | 

Changes to en/refpages/elements/msgaud/*

  | 2003-12-23  Norman Walsh <nwalsh@users.sourceforge.net>
  | 
  | 	* children.gen, synopsis.e.gen: First attempt at building a
  | 	  V4.3 book
  | 

Changes to en/refpages/elements/msgexplan/*

  | 2003-12-23  Norman Walsh <nwalsh@users.sourceforge.net>
  | 
  | 	* children.gen, synopsis.e.gen: First attempt at building a
  | 	  V4.3 book
  | 

Changes to en/refpages/elements/msgset/*

  | 2003-12-23  Norman Walsh <nwalsh@users.sourceforge.net>
  | 
  | 	* parents.gen: First attempt at building a V4.3 book
  | 

Changes to en/refpages/elements/msgtext/*

  | 2003-12-23  Norman Walsh <nwalsh@users.sourceforge.net>
  | 
  | 	* children.gen, synopsis.e.gen: First attempt at building a
  | 	  V4.3 book
  | 

Changes to en/refpages/elements/nonterminal/*

  | 2003-12-30  Norman Walsh <nwalsh@users.sourceforge.net>
  | 
  | 	* parents.gen: Updated to DocBook V4.3CR2
  | 
  | 2003-12-23  Norman Walsh <nwalsh@users.sourceforge.net>
  | 
  | 	* parents.gen: First attempt at building a V4.3 book
  | 

Changes to en/refpages/elements/note/*

  | 2003-12-23  Norman Walsh <nwalsh@users.sourceforge.net>
  | 
  | 	* parents.gen: First attempt at building a V4.3 book
  | 

Changes to en/refpages/elements/objectinfo/*

  | 2003-12-23  Norman Walsh <nwalsh@users.sourceforge.net>
  | 
  | 	* children.gen, synopsis.e.gen: First attempt at building a
  | 	  V4.3 book
  | 

Changes to en/refpages/elements/olink/*

  | 2003-12-30  Norman Walsh <nwalsh@users.sourceforge.net>
  | 
  | 	* synopsis.e.gen, synopsis.u.gen: Updated to DocBook V4.3CR2
  | 
  | 2003-12-23  Norman Walsh <nwalsh@users.sourceforge.net>
  | 
  | 	* children.gen, example.1.txt, parents.gen, synopsis.e.gen,
  | 	  synopsis.u.gen: First attempt at building a V4.3 book
  | 

Changes to en/refpages/elements/ooclass/*

  | 2003-12-30  Norman Walsh <nwalsh@users.sourceforge.net>
  | 
  | 	* parents.gen: Updated to DocBook V4.3CR2
  | 
  | 2003-12-23  Norman Walsh <nwalsh@users.sourceforge.net>
  | 
  | 	* parents.gen: First attempt at building a V4.3 book
  | 

Changes to en/refpages/elements/ooexception/*

  | 2003-12-30  Norman Walsh <nwalsh@users.sourceforge.net>
  | 
  | 	* parents.gen: Updated to DocBook V4.3CR2
  | 
  | 2003-12-23  Norman Walsh <nwalsh@users.sourceforge.net>
  | 
  | 	* parents.gen: First attempt at building a V4.3 book
  | 

Changes to en/refpages/elements/oointerface/*

  | 2003-12-30  Norman Walsh <nwalsh@users.sourceforge.net>
  | 
  | 	* parents.gen: Updated to DocBook V4.3CR2
  | 
  | 2003-12-23  Norman Walsh <nwalsh@users.sourceforge.net>
  | 
  | 	* parents.gen: First attempt at building a V4.3 book
  | 

Changes to en/refpages/elements/option/*

  | 2003-12-30  Norman Walsh <nwalsh@users.sourceforge.net>
  | 
  | 	* parents.gen: Updated to DocBook V4.3CR2
  | 
  | 2003-12-23  Norman Walsh <nwalsh@users.sourceforge.net>
  | 
  | 	* children.gen, parents.gen, synopsis.e.gen: First attempt at
  | 	  building a V4.3 book
  | 

Changes to en/refpages/elements/optional/*

  | 2003-12-30  Norman Walsh <nwalsh@users.sourceforge.net>
  | 
  | 	* parents.gen: Updated to DocBook V4.3CR2
  | 
  | 2003-12-23  Norman Walsh <nwalsh@users.sourceforge.net>
  | 
  | 	* children.gen, parents.gen, synopsis.e.gen: First attempt at
  | 	  building a V4.3 book
  | 

Changes to en/refpages/elements/orderedlist/*

  | 2003-12-30  Norman Walsh <nwalsh@users.sourceforge.net>
  | 
  | 	* synopsis.e.gen, synopsis.u.gen: Updated to DocBook V4.3CR2
  | 
  | 2003-12-23  Norman Walsh <nwalsh@users.sourceforge.net>
  | 
  | 	* parents.gen, synopsis.e.gen, synopsis.u.gen: First attempt
  | 	  at building a V4.3 book
  | 

Changes to en/refpages/elements/orgname/*

  | 2003-12-30  Norman Walsh <nwalsh@users.sourceforge.net>
  | 
  | 	* parents.gen: Updated to DocBook V4.3CR2
  | 
  | 2003-12-23  Norman Walsh <nwalsh@users.sourceforge.net>
  | 
  | 	* parents.gen, synopsis.e.gen, synopsis.u.gen: First attempt
  | 	  at building a V4.3 book
  | 

Changes to en/refpages/elements/othercredit/*

  | 2003-12-30  Norman Walsh <nwalsh@users.sourceforge.net>
  | 
  | 	* parents.gen: Updated to DocBook V4.3CR2
  | 
  | 2003-12-23  Norman Walsh <nwalsh@users.sourceforge.net>
  | 
  | 	* parents.gen, synopsis.e.gen, synopsis.u.gen: First attempt
  | 	  at building a V4.3 book
  | 

Changes to en/refpages/elements/para/*

  | 2003-12-23  Norman Walsh <nwalsh@users.sourceforge.net>
  | 
  | 	* children.gen, parents.gen, synopsis.e.gen: First attempt at
  | 	  building a V4.3 book
  | 

Changes to en/refpages/elements/paramdef/*

  | 2003-12-23  Norman Walsh <nwalsh@users.sourceforge.net>
  | 
  | 	* children.gen, synopsis.e.gen, synopsis.u.gen: First attempt
  | 	  at building a V4.3 book
  | 

Changes to en/refpages/elements/parameter/*

  | 2003-12-30  Norman Walsh <nwalsh@users.sourceforge.net>
  | 
  | 	* parents.gen: Updated to DocBook V4.3CR2
  | 
  | 2003-12-23  Norman Walsh <nwalsh@users.sourceforge.net>
  | 
  | 	* children.gen, parents.gen, synopsis.e.gen: First attempt at
  | 	  building a V4.3 book
  | 

Changes to en/refpages/elements/part/*

  | 2003-12-30  Norman Walsh <nwalsh@users.sourceforge.net>
  | 
  | 	* synopsis.e.gen, synopsis.u.gen: Updated to DocBook V4.3CR2
  | 
  | 2003-12-23  Norman Walsh <nwalsh@users.sourceforge.net>
  | 
  | 	* synopsis.e.gen, synopsis.u.gen: First attempt at building a
  | 	  V4.3 book
  | 

Changes to en/refpages/elements/partinfo/*

  | 2003-12-23  Norman Walsh <nwalsh@users.sourceforge.net>
  | 
  | 	* children.gen, synopsis.e.gen: First attempt at building a
  | 	  V4.3 book
  | 

Changes to en/refpages/elements/partintro/*

  | 2003-12-23  Norman Walsh <nwalsh@users.sourceforge.net>
  | 
  | 	* children.gen, synopsis.e.gen: First attempt at building a
  | 	  V4.3 book
  | 

Changes to en/refpages/elements/personname/*

  | 2003-12-30  Norman Walsh <nwalsh@users.sourceforge.net>
  | 
  | 	* parents.gen: Updated to DocBook V4.3CR2
  | 
  | 2003-12-23  Norman Walsh <nwalsh@users.sourceforge.net>
  | 
  | 	* parents.gen: First attempt at building a V4.3 book
  | 

Changes to en/refpages/elements/phrase/*

  | 2003-12-30  Norman Walsh <nwalsh@users.sourceforge.net>
  | 
  | 	* parents.gen: Updated to DocBook V4.3CR2
  | 
  | 2003-12-23  Norman Walsh <nwalsh@users.sourceforge.net>
  | 
  | 	* children.gen, parents.gen, synopsis.e.gen: First attempt at
  | 	  building a V4.3 book
  | 

Changes to en/refpages/elements/preface/*

  | 2003-12-23  Norman Walsh <nwalsh@users.sourceforge.net>
  | 
  | 	* children.gen, synopsis.e.gen: First attempt at building a
  | 	  V4.3 book
  | 

Changes to en/refpages/elements/prefaceinfo/*

  | 2003-12-23  Norman Walsh <nwalsh@users.sourceforge.net>
  | 
  | 	* children.gen, synopsis.e.gen: First attempt at building a
  | 	  V4.3 book
  | 

Changes to en/refpages/elements/primary/*

  | 2003-12-23  Norman Walsh <nwalsh@users.sourceforge.net>
  | 
  | 	* children.gen, synopsis.e.gen: First attempt at building a
  | 	  V4.3 book
  | 

Changes to en/refpages/elements/primaryie/*

  | 2003-12-23  Norman Walsh <nwalsh@users.sourceforge.net>
  | 
  | 	* children.gen, synopsis.e.gen: First attempt at building a
  | 	  V4.3 book
  | 

Changes to en/refpages/elements/procedure/*

  | 2003-12-23  Norman Walsh <nwalsh@users.sourceforge.net>
  | 
  | 	* children.gen, parents.gen, synopsis.e.gen: First attempt at
  | 	  building a V4.3 book
  | 

Changes to en/refpages/elements/productionset/*

  | 2003-12-23  Norman Walsh <nwalsh@users.sourceforge.net>
  | 
  | 	* example.1.txt, parents.gen: First attempt at building a V4.3
  | 	  book
  | 
  | 2003-08-18  Norman Walsh <nwalsh@users.sourceforge.net>
  | 
  | 	* example.1.xml: Fix defs in example
  | 

Changes to en/refpages/elements/productname/*

  | 2003-12-30  Norman Walsh <nwalsh@users.sourceforge.net>
  | 
  | 	* parents.gen: Updated to DocBook V4.3CR2
  | 
  | 2003-12-23  Norman Walsh <nwalsh@users.sourceforge.net>
  | 
  | 	* children.gen, parents.gen, synopsis.e.gen: First attempt at
  | 	  building a V4.3 book
  | 

Changes to en/refpages/elements/productnumber/*

  | 2003-12-30  Norman Walsh <nwalsh@users.sourceforge.net>
  | 
  | 	* parents.gen: Updated to DocBook V4.3CR2
  | 
  | 2003-12-23  Norman Walsh <nwalsh@users.sourceforge.net>
  | 
  | 	* parents.gen: First attempt at building a V4.3 book
  | 

Changes to en/refpages/elements/programlisting/*

  | 2003-12-30  Norman Walsh <nwalsh@users.sourceforge.net>
  | 
  | 	* synopsis.e.gen, synopsis.u.gen: Updated to DocBook V4.3CR2
  | 
  | 2003-12-23  Norman Walsh <nwalsh@users.sourceforge.net>
  | 
  | 	* children.gen, parents.gen, synopsis.e.gen, synopsis.u.gen:
  | 	  First attempt at building a V4.3 book
  | 

Changes to en/refpages/elements/programlistingco/*

  | 2003-12-23  Norman Walsh <nwalsh@users.sourceforge.net>
  | 
  | 	* parents.gen: First attempt at building a V4.3 book
  | 

Changes to en/refpages/elements/prompt/*

  | 2003-12-30  Norman Walsh <nwalsh@users.sourceforge.net>
  | 
  | 	* parents.gen: Updated to DocBook V4.3CR2
  | 
  | 2003-12-23  Norman Walsh <nwalsh@users.sourceforge.net>
  | 
  | 	* parents.gen: First attempt at building a V4.3 book
  | 

Changes to en/refpages/elements/property/*

  | 2003-12-30  Norman Walsh <nwalsh@users.sourceforge.net>
  | 
  | 	* parents.gen: Updated to DocBook V4.3CR2
  | 
  | 2003-12-23  Norman Walsh <nwalsh@users.sourceforge.net>
  | 
  | 	* children.gen, parents.gen, synopsis.e.gen: First attempt at
  | 	  building a V4.3 book
  | 

Changes to en/refpages/elements/qandaset/*

  | 2003-12-23  Norman Walsh <nwalsh@users.sourceforge.net>
  | 
  | 	* parents.gen: First attempt at building a V4.3 book
  | 

Changes to en/refpages/elements/quote/*

  | 2003-12-30  Norman Walsh <nwalsh@users.sourceforge.net>
  | 
  | 	* parents.gen: Updated to DocBook V4.3CR2
  | 
  | 2003-12-23  Norman Walsh <nwalsh@users.sourceforge.net>
  | 
  | 	* children.gen, parents.gen, synopsis.e.gen: First attempt at
  | 	  building a V4.3 book
  | 

Changes to en/refpages/elements/refdescriptor/*

  | 2003-12-23  Norman Walsh <nwalsh@users.sourceforge.net>
  | 
  | 	* children.gen, synopsis.e.gen: First attempt at building a
  | 	  V4.3 book
  | 

Changes to en/refpages/elements/refentry/*

  | 2003-12-23  Norman Walsh <nwalsh@users.sourceforge.net>
  | 
  | 	* synopsis.e.gen, synopsis.u.gen: First attempt at building a
  | 	  V4.3 book
  | 

Changes to en/refpages/elements/refentryinfo/*

  | 2003-12-23  Norman Walsh <nwalsh@users.sourceforge.net>
  | 
  | 	* children.gen, synopsis.e.gen: First attempt at building a
  | 	  V4.3 book
  | 

Changes to en/refpages/elements/refentrytitle/*

  | 2003-12-23  Norman Walsh <nwalsh@users.sourceforge.net>
  | 
  | 	* children.gen, synopsis.e.gen: First attempt at building a
  | 	  V4.3 book
  | 

Changes to en/refpages/elements/reference/*

  | 2003-12-30  Norman Walsh <nwalsh@users.sourceforge.net>
  | 
  | 	* synopsis.e.gen, synopsis.u.gen: Updated to DocBook V4.3CR2
  | 
  | 2003-12-23  Norman Walsh <nwalsh@users.sourceforge.net>
  | 
  | 	* synopsis.e.gen, synopsis.u.gen: First attempt at building a
  | 	  V4.3 book
  | 

Changes to en/refpages/elements/referenceinfo/*

  | 2003-12-23  Norman Walsh <nwalsh@users.sourceforge.net>
  | 
  | 	* children.gen, synopsis.e.gen: First attempt at building a
  | 	  V4.3 book
  | 

Changes to en/refpages/elements/refname/*

  | 2003-12-23  Norman Walsh <nwalsh@users.sourceforge.net>
  | 
  | 	* children.gen, synopsis.e.gen: First attempt at building a
  | 	  V4.3 book
  | 

Changes to en/refpages/elements/refpurpose/*

  | 2003-12-23  Norman Walsh <nwalsh@users.sourceforge.net>
  | 
  | 	* children.gen, synopsis.e.gen: First attempt at building a
  | 	  V4.3 book
  | 

Changes to en/refpages/elements/refsect1/*

  | 2003-12-23  Norman Walsh <nwalsh@users.sourceforge.net>
  | 
  | 	* children.gen, synopsis.e.gen: First attempt at building a
  | 	  V4.3 book
  | 

Changes to en/refpages/elements/refsect1info/*

  | 2003-12-23  Norman Walsh <nwalsh@users.sourceforge.net>
  | 
  | 	* children.gen, synopsis.e.gen: First attempt at building a
  | 	  V4.3 book
  | 

Changes to en/refpages/elements/refsect2/*

  | 2003-12-23  Norman Walsh <nwalsh@users.sourceforge.net>
  | 
  | 	* children.gen, synopsis.e.gen: First attempt at building a
  | 	  V4.3 book
  | 

Changes to en/refpages/elements/refsect2info/*

  | 2003-12-23  Norman Walsh <nwalsh@users.sourceforge.net>
  | 
  | 	* children.gen, synopsis.e.gen: First attempt at building a
  | 	  V4.3 book
  | 

Changes to en/refpages/elements/refsect3/*

  | 2003-12-23  Norman Walsh <nwalsh@users.sourceforge.net>
  | 
  | 	* children.gen, synopsis.e.gen: First attempt at building a
  | 	  V4.3 book
  | 

Changes to en/refpages/elements/refsect3info/*

  | 2003-12-23  Norman Walsh <nwalsh@users.sourceforge.net>
  | 
  | 	* children.gen, synopsis.e.gen: First attempt at building a
  | 	  V4.3 book
  | 

Changes to en/refpages/elements/refsection/*

  | 2003-12-23  Norman Walsh <nwalsh@users.sourceforge.net>
  | 
  | 	* children.gen, synopsis.e.gen: First attempt at building a
  | 	  V4.3 book
  | 

Changes to en/refpages/elements/refsectioninfo/*

  | 2003-12-23  Norman Walsh <nwalsh@users.sourceforge.net>
  | 
  | 	* children.gen, synopsis.e.gen: First attempt at building a
  | 	  V4.3 book
  | 

Changes to en/refpages/elements/refsynopsisdiv/*

  | 2003-12-23  Norman Walsh <nwalsh@users.sourceforge.net>
  | 
  | 	* children.gen, synopsis.e.gen: First attempt at building a
  | 	  V4.3 book
  | 

Changes to en/refpages/elements/refsynopsisdivinfo/*

  | 2003-12-23  Norman Walsh <nwalsh@users.sourceforge.net>
  | 
  | 	* children.gen, synopsis.e.gen: First attempt at building a
  | 	  V4.3 book
  | 

Changes to en/refpages/elements/remark/*

  | 2003-12-23  Norman Walsh <nwalsh@users.sourceforge.net>
  | 
  | 	* children.gen, parents.gen, synopsis.e.gen: First attempt at
  | 	  building a V4.3 book
  | 

Changes to en/refpages/elements/replaceable/*

  | 2003-12-30  Norman Walsh <nwalsh@users.sourceforge.net>
  | 
  | 	* parents.gen: Updated to DocBook V4.3CR2
  | 
  | 2003-12-23  Norman Walsh <nwalsh@users.sourceforge.net>
  | 
  | 	* parents.gen: First attempt at building a V4.3 book
  | 

Changes to en/refpages/elements/returnvalue/*

  | 2003-12-30  Norman Walsh <nwalsh@users.sourceforge.net>
  | 
  | 	* parents.gen: Updated to DocBook V4.3CR2
  | 
  | 2003-12-23  Norman Walsh <nwalsh@users.sourceforge.net>
  | 
  | 	* parents.gen: First attempt at building a V4.3 book
  | 

Changes to en/refpages/elements/revhistory/*

  | 2003-12-30  Norman Walsh <nwalsh@users.sourceforge.net>
  | 
  | 	* parents.gen: Updated to DocBook V4.3CR2
  | 
  | 2003-12-23  Norman Walsh <nwalsh@users.sourceforge.net>
  | 
  | 	* parents.gen: First attempt at building a V4.3 book
  | 

Changes to en/refpages/elements/revision/*

  | 2003-12-23  Norman Walsh <nwalsh@users.sourceforge.net>
  | 
  | 	* children.gen, synopsis.e.gen, synopsis.u.gen: First attempt
  | 	  at building a V4.3 book
  | 

Changes to en/refpages/elements/rhs/*

  | 2003-12-23  Norman Walsh <nwalsh@users.sourceforge.net>
  | 
  | 	* synopsis.e.gen, synopsis.u.gen: First attempt at building a
  | 	  V4.3 book
  | 

Changes to en/refpages/elements/row/*

  | 2003-12-30  Norman Walsh <nwalsh@users.sourceforge.net>
  | 
  | 	* synopsis.e.gen, synopsis.u.gen: Updated to DocBook V4.3CR2
  | 
  | 2003-12-23  Norman Walsh <nwalsh@users.sourceforge.net>
  | 
  | 	* synopsis.e.gen, synopsis.u.gen: First attempt at building a
  | 	  V4.3 book
  | 

Changes to en/refpages/elements/screen/*

  | 2003-12-30  Norman Walsh <nwalsh@users.sourceforge.net>
  | 
  | 	* synopsis.e.gen, synopsis.u.gen: Updated to DocBook V4.3CR2
  | 
  | 2003-12-23  Norman Walsh <nwalsh@users.sourceforge.net>
  | 
  | 	* children.gen, parents.gen, synopsis.e.gen, synopsis.u.gen:
  | 	  First attempt at building a V4.3 book
  | 

Changes to en/refpages/elements/screenco/*

  | 2003-12-23  Norman Walsh <nwalsh@users.sourceforge.net>
  | 
  | 	* example.1.txt, parents.gen: First attempt at building a V4.3
  | 	  book
  | 

Changes to en/refpages/elements/screeninfo/*

  | 2003-12-23  Norman Walsh <nwalsh@users.sourceforge.net>
  | 
  | 	* children.gen, synopsis.e.gen: First attempt at building a
  | 	  V4.3 book
  | 

Changes to en/refpages/elements/screenshot/*

  | 2003-12-23  Norman Walsh <nwalsh@users.sourceforge.net>
  | 
  | 	* parents.gen: First attempt at building a V4.3 book
  | 

Changes to en/refpages/elements/secondary/*

  | 2003-12-23  Norman Walsh <nwalsh@users.sourceforge.net>
  | 
  | 	* children.gen, synopsis.e.gen: First attempt at building a
  | 	  V4.3 book
  | 

Changes to en/refpages/elements/secondaryie/*

  | 2003-12-23  Norman Walsh <nwalsh@users.sourceforge.net>
  | 
  | 	* children.gen, synopsis.e.gen: First attempt at building a
  | 	  V4.3 book
  | 

Changes to en/refpages/elements/sect1/*

  | 2003-12-30  Norman Walsh <nwalsh@users.sourceforge.net>
  | 
  | 	* synopsis.e.gen, synopsis.u.gen: Updated to DocBook V4.3CR2
  | 
  | 2003-12-23  Norman Walsh <nwalsh@users.sourceforge.net>
  | 
  | 	* children.gen, synopsis.e.gen, synopsis.u.gen: First attempt
  | 	  at building a V4.3 book
  | 

Changes to en/refpages/elements/sect1info/*

  | 2003-12-23  Norman Walsh <nwalsh@users.sourceforge.net>
  | 
  | 	* children.gen, synopsis.e.gen: First attempt at building a
  | 	  V4.3 book
  | 

Changes to en/refpages/elements/sect2/*

  | 2003-12-30  Norman Walsh <nwalsh@users.sourceforge.net>
  | 
  | 	* synopsis.e.gen, synopsis.u.gen: Updated to DocBook V4.3CR2
  | 
  | 2003-12-23  Norman Walsh <nwalsh@users.sourceforge.net>
  | 
  | 	* children.gen, synopsis.e.gen, synopsis.u.gen: First attempt
  | 	  at building a V4.3 book
  | 

Changes to en/refpages/elements/sect2info/*

  | 2003-12-23  Norman Walsh <nwalsh@users.sourceforge.net>
  | 
  | 	* children.gen, synopsis.e.gen: First attempt at building a
  | 	  V4.3 book
  | 

Changes to en/refpages/elements/sect3/*

  | 2003-12-30  Norman Walsh <nwalsh@users.sourceforge.net>
  | 
  | 	* synopsis.e.gen, synopsis.u.gen: Updated to DocBook V4.3CR2
  | 
  | 2003-12-23  Norman Walsh <nwalsh@users.sourceforge.net>
  | 
  | 	* children.gen, synopsis.e.gen, synopsis.u.gen: First attempt
  | 	  at building a V4.3 book
  | 

Changes to en/refpages/elements/sect3info/*

  | 2003-12-23  Norman Walsh <nwalsh@users.sourceforge.net>
  | 
  | 	* children.gen, synopsis.e.gen: First attempt at building a
  | 	  V4.3 book
  | 

Changes to en/refpages/elements/sect4/*

  | 2003-12-30  Norman Walsh <nwalsh@users.sourceforge.net>
  | 
  | 	* synopsis.e.gen, synopsis.u.gen: Updated to DocBook V4.3CR2
  | 
  | 2003-12-23  Norman Walsh <nwalsh@users.sourceforge.net>
  | 
  | 	* children.gen, synopsis.e.gen, synopsis.u.gen: First attempt
  | 	  at building a V4.3 book
  | 

Changes to en/refpages/elements/sect4info/*

  | 2003-12-23  Norman Walsh <nwalsh@users.sourceforge.net>
  | 
  | 	* children.gen, synopsis.e.gen: First attempt at building a
  | 	  V4.3 book
  | 

Changes to en/refpages/elements/sect5/*

  | 2003-12-30  Norman Walsh <nwalsh@users.sourceforge.net>
  | 
  | 	* synopsis.e.gen, synopsis.u.gen: Updated to DocBook V4.3CR2
  | 
  | 2003-12-23  Norman Walsh <nwalsh@users.sourceforge.net>
  | 
  | 	* children.gen, synopsis.e.gen, synopsis.u.gen: First attempt
  | 	  at building a V4.3 book
  | 

Changes to en/refpages/elements/sect5info/*

  | 2003-12-23  Norman Walsh <nwalsh@users.sourceforge.net>
  | 
  | 	* children.gen, synopsis.e.gen: First attempt at building a
  | 	  V4.3 book
  | 

Changes to en/refpages/elements/section/*

  | 2003-12-30  Norman Walsh <nwalsh@users.sourceforge.net>
  | 
  | 	* synopsis.e.gen, synopsis.u.gen: Updated to DocBook V4.3CR2
  | 
  | 2003-12-23  Norman Walsh <nwalsh@users.sourceforge.net>
  | 
  | 	* children.gen, synopsis.e.gen, synopsis.u.gen: First attempt
  | 	  at building a V4.3 book
  | 

Changes to en/refpages/elements/sectioninfo/*

  | 2003-12-23  Norman Walsh <nwalsh@users.sourceforge.net>
  | 
  | 	* children.gen, synopsis.e.gen: First attempt at building a
  | 	  V4.3 book
  | 

Changes to en/refpages/elements/see/*

  | 2003-12-23  Norman Walsh <nwalsh@users.sourceforge.net>
  | 
  | 	* children.gen, synopsis.e.gen: First attempt at building a
  | 	  V4.3 book
  | 

Changes to en/refpages/elements/seealso/*

  | 2003-12-23  Norman Walsh <nwalsh@users.sourceforge.net>
  | 
  | 	* children.gen, synopsis.e.gen: First attempt at building a
  | 	  V4.3 book
  | 

Changes to en/refpages/elements/seealsoie/*

  | 2003-12-23  Norman Walsh <nwalsh@users.sourceforge.net>
  | 
  | 	* children.gen, synopsis.e.gen: First attempt at building a
  | 	  V4.3 book
  | 

Changes to en/refpages/elements/seeie/*

  | 2003-12-23  Norman Walsh <nwalsh@users.sourceforge.net>
  | 
  | 	* children.gen, synopsis.e.gen: First attempt at building a
  | 	  V4.3 book
  | 

Changes to en/refpages/elements/seg/*

  | 2003-12-23  Norman Walsh <nwalsh@users.sourceforge.net>
  | 
  | 	* children.gen, synopsis.e.gen: First attempt at building a
  | 	  V4.3 book
  | 

Changes to en/refpages/elements/segmentedlist/*

  | 2003-12-23  Norman Walsh <nwalsh@users.sourceforge.net>
  | 
  | 	* parents.gen: First attempt at building a V4.3 book
  | 

Changes to en/refpages/elements/segtitle/*

  | 2003-12-23  Norman Walsh <nwalsh@users.sourceforge.net>
  | 
  | 	* children.gen, synopsis.e.gen: First attempt at building a
  | 	  V4.3 book
  | 

Changes to en/refpages/elements/set/*

  | 2003-12-30  Norman Walsh <nwalsh@users.sourceforge.net>
  | 
  | 	* synopsis.e.gen, synopsis.u.gen: Updated to DocBook V4.3CR2
  | 
  | 2003-12-23  Norman Walsh <nwalsh@users.sourceforge.net>
  | 
  | 	* children.gen, entities.e.ent, entities.u.ent, parents.gen,
  | 	  synopsis.e.gen, synopsis.u.gen: First attempt at building a
  | 	  V4.3 book
  | 

Changes to en/refpages/elements/setindex/*

  | 2003-12-23  Norman Walsh <nwalsh@users.sourceforge.net>
  | 
  | 	* children.gen, synopsis.e.gen: First attempt at building a
  | 	  V4.3 book
  | 

Changes to en/refpages/elements/setindexinfo/*

  | 2003-12-23  Norman Walsh <nwalsh@users.sourceforge.net>
  | 
  | 	* children.gen, synopsis.e.gen: First attempt at building a
  | 	  V4.3 book
  | 

Changes to en/refpages/elements/setinfo/*

  | 2003-12-23  Norman Walsh <nwalsh@users.sourceforge.net>
  | 
  | 	* children.gen, synopsis.e.gen: First attempt at building a
  | 	  V4.3 book
  | 

Changes to en/refpages/elements/sgmltag/*

  | 2003-12-30  Norman Walsh <nwalsh@users.sourceforge.net>
  | 
  | 	* parents.gen: Updated to DocBook V4.3CR2
  | 
  | 2003-12-23  Norman Walsh <nwalsh@users.sourceforge.net>
  | 
  | 	* parents.gen, synopsis.e.gen, synopsis.u.gen: First attempt
  | 	  at building a V4.3 book
  | 

Changes to en/refpages/elements/shortcut/*

  | 2003-12-30  Norman Walsh <nwalsh@users.sourceforge.net>
  | 
  | 	* synopsis.e.gen, synopsis.u.gen: Updated to DocBook V4.3CR2
  | 
  | 2003-12-23  Norman Walsh <nwalsh@users.sourceforge.net>
  | 
  | 	* synopsis.e.gen, synopsis.u.gen: First attempt at building a
  | 	  V4.3 book
  | 

Changes to en/refpages/elements/sidebar/*

  | 2003-12-23  Norman Walsh <nwalsh@users.sourceforge.net>
  | 
  | 	* parents.gen: First attempt at building a V4.3 book
  | 

Changes to en/refpages/elements/sidebarinfo/*

  | 2003-12-23  Norman Walsh <nwalsh@users.sourceforge.net>
  | 
  | 	* children.gen, synopsis.e.gen: First attempt at building a
  | 	  V4.3 book
  | 

Changes to en/refpages/elements/simpara/*

  | 2003-12-23  Norman Walsh <nwalsh@users.sourceforge.net>
  | 
  | 	* children.gen, parents.gen, synopsis.e.gen: First attempt at
  | 	  building a V4.3 book
  | 

Changes to en/refpages/elements/simplelist/*

  | 2003-12-30  Norman Walsh <nwalsh@users.sourceforge.net>
  | 
  | 	* synopsis.e.gen, synopsis.u.gen: Updated to DocBook V4.3CR2
  | 
  | 2003-12-23  Norman Walsh <nwalsh@users.sourceforge.net>
  | 
  | 	* parents.gen, synopsis.e.gen, synopsis.u.gen: First attempt
  | 	  at building a V4.3 book
  | 

Changes to en/refpages/elements/simplemsgentry/*

  | 2003-12-30  Norman Walsh <nwalsh@users.sourceforge.net>
  | 
  | 	* synopsis.e.gen, synopsis.u.gen: Updated to DocBook V4.3CR2
  | 
  | 2003-12-23  Norman Walsh <nwalsh@users.sourceforge.net>
  | 
  | 	* synopsis.e.gen, synopsis.u.gen: First attempt at building a
  | 	  V4.3 book
  | 

Changes to en/refpages/elements/simplesect/*

  | 2003-12-23  Norman Walsh <nwalsh@users.sourceforge.net>
  | 
  | 	* children.gen, synopsis.e.gen: First attempt at building a
  | 	  V4.3 book
  | 

Changes to en/refpages/elements/spanspec/*

  | 2003-12-30  Norman Walsh <nwalsh@users.sourceforge.net>
  | 
  | 	* synopsis.e.gen, synopsis.u.gen: Updated to DocBook V4.3CR2
  | 
  | 2003-12-23  Norman Walsh <nwalsh@users.sourceforge.net>
  | 
  | 	* synopsis.e.gen, synopsis.u.gen: First attempt at building a
  | 	  V4.3 book
  | 

Changes to en/refpages/elements/step/*

  | 2003-12-23  Norman Walsh <nwalsh@users.sourceforge.net>
  | 
  | 	* children.gen, parents.gen, refentry.xml, synopsis.e.gen,
  | 	  synopsis.u.gen: First attempt at building a V4.3 book
  | 

Changes to en/refpages/elements/stepalternatives/*

  | 2003-12-23  Norman Walsh <nwalsh@users.sourceforge.net>
  | 
  | 	* children.gen, entities.e.ent, entities.u.ent, parents.gen,
  | 	  refentry.xml, reference.e.xml, reference.u.xml,
  | 	  synopsis.e.gen, synopsis.u.gen: New file.
  | 

Changes to en/refpages/elements/structfield/*

  | 2003-12-30  Norman Walsh <nwalsh@users.sourceforge.net>
  | 
  | 	* parents.gen: Updated to DocBook V4.3CR2
  | 
  | 2003-12-23  Norman Walsh <nwalsh@users.sourceforge.net>
  | 
  | 	* parents.gen: First attempt at building a V4.3 book
  | 

Changes to en/refpages/elements/structname/*

  | 2003-12-30  Norman Walsh <nwalsh@users.sourceforge.net>
  | 
  | 	* parents.gen: Updated to DocBook V4.3CR2
  | 
  | 2003-12-23  Norman Walsh <nwalsh@users.sourceforge.net>
  | 
  | 	* parents.gen: First attempt at building a V4.3 book
  | 

Changes to en/refpages/elements/subscript/*

  | 2003-12-23  Norman Walsh <nwalsh@users.sourceforge.net>
  | 
  | 	* parents.gen: First attempt at building a V4.3 book
  | 

Changes to en/refpages/elements/subtitle/*

  | 2003-12-23  Norman Walsh <nwalsh@users.sourceforge.net>
  | 
  | 	* children.gen, synopsis.e.gen: First attempt at building a
  | 	  V4.3 book
  | 

Changes to en/refpages/elements/superscript/*

  | 2003-12-23  Norman Walsh <nwalsh@users.sourceforge.net>
  | 
  | 	* parents.gen: First attempt at building a V4.3 book
  | 

Changes to en/refpages/elements/symbol/*

  | 2003-12-30  Norman Walsh <nwalsh@users.sourceforge.net>
  | 
  | 	* parents.gen: Updated to DocBook V4.3CR2
  | 
  | 2003-12-23  Norman Walsh <nwalsh@users.sourceforge.net>
  | 
  | 	* parents.gen: First attempt at building a V4.3 book
  | 

Changes to en/refpages/elements/synopsis/*

  | 2003-12-30  Norman Walsh <nwalsh@users.sourceforge.net>
  | 
  | 	* parents.gen, synopsis.e.gen, synopsis.u.gen: Updated to
  | 	  DocBook V4.3CR2
  | 
  | 2003-12-23  Norman Walsh <nwalsh@users.sourceforge.net>
  | 
  | 	* children.gen, example.1.gen, example.1.txt, parents.gen,
  | 	  synopsis.e.gen, synopsis.u.gen: First attempt at building a
  | 	  V4.3 book
  | 

Changes to en/refpages/elements/systemitem/*

  | 2003-12-30  Norman Walsh <nwalsh@users.sourceforge.net>
  | 
  | 	* parents.gen: Updated to DocBook V4.3CR2
  | 
  | 2003-12-23  Norman Walsh <nwalsh@users.sourceforge.net>
  | 
  | 	* children.gen, parents.gen, synopsis.e.gen, synopsis.u.gen:
  | 	  First attempt at building a V4.3 book
  | 

Changes to en/refpages/elements/table/*

  | 2003-12-30  Norman Walsh <nwalsh@users.sourceforge.net>
  | 
  | 	* synopsis.e.gen, synopsis.u.gen: Updated to DocBook V4.3CR2
  | 
  | 2003-12-23  Norman Walsh <nwalsh@users.sourceforge.net>
  | 
  | 	* children.gen, parents.gen, synopsis.e.gen, synopsis.u.gen:
  | 	  First attempt at building a V4.3 book
  | 

Changes to en/refpages/elements/task/*

  | 2003-12-23  Norman Walsh <nwalsh@users.sourceforge.net>
  | 
  | 	* children.gen, entities.e.ent, entities.u.ent, parents.gen,
  | 	  refentry.xml, reference.e.xml, reference.u.xml,
  | 	  synopsis.e.gen, synopsis.u.gen: New file.
  | 

Changes to en/refpages/elements/taskprerequisites/*

  | 2003-12-23  Norman Walsh <nwalsh@users.sourceforge.net>
  | 
  | 	* children.gen, entities.e.ent, entities.u.ent, parents.gen,
  | 	  refentry.xml, reference.e.xml, reference.u.xml,
  | 	  synopsis.e.gen, synopsis.u.gen: New file.
  | 

Changes to en/refpages/elements/taskrelated/*

  | 2003-12-23  Norman Walsh <nwalsh@users.sourceforge.net>
  | 
  | 	* children.gen, entities.e.ent, entities.u.ent, parents.gen,
  | 	  refentry.xml, reference.e.xml, reference.u.xml,
  | 	  synopsis.e.gen, synopsis.u.gen: New file.
  | 

Changes to en/refpages/elements/tasksummary/*

  | 2003-12-23  Norman Walsh <nwalsh@users.sourceforge.net>
  | 
  | 	* children.gen, entities.e.ent, entities.u.ent, parents.gen,
  | 	  refentry.xml, reference.e.xml, reference.u.xml,
  | 	  synopsis.e.gen, synopsis.u.gen: New file.
  | 

Changes to en/refpages/elements/tbody/*

  | 2003-12-30  Norman Walsh <nwalsh@users.sourceforge.net>
  | 
  | 	* synopsis.e.gen, synopsis.u.gen: Updated to DocBook V4.3CR2
  | 
  | 2003-12-23  Norman Walsh <nwalsh@users.sourceforge.net>
  | 
  | 	* children.gen, parents.gen, synopsis.e.gen, synopsis.u.gen:
  | 	  First attempt at building a V4.3 book
  | 

Changes to en/refpages/elements/td/*

  | 2003-12-30  Norman Walsh <nwalsh@users.sourceforge.net>
  | 
  | 	* synopsis.e.gen, synopsis.u.gen: Updated to DocBook V4.3CR2
  | 
  | 2003-12-23  Norman Walsh <nwalsh@users.sourceforge.net>
  | 
  | 	* children.gen, entities.e.ent, entities.u.ent, parents.gen,
  | 	  refentry.xml, reference.e.xml, reference.u.xml,
  | 	  synopsis.e.gen, synopsis.u.gen: New file.
  | 

Changes to en/refpages/elements/term/*

  | 2003-12-23  Norman Walsh <nwalsh@users.sourceforge.net>
  | 
  | 	* children.gen, synopsis.e.gen: First attempt at building a
  | 	  V4.3 book
  | 

Changes to en/refpages/elements/tertiary/*

  | 2003-12-23  Norman Walsh <nwalsh@users.sourceforge.net>
  | 
  | 	* children.gen, synopsis.e.gen: First attempt at building a
  | 	  V4.3 book
  | 

Changes to en/refpages/elements/tertiaryie/*

  | 2003-12-23  Norman Walsh <nwalsh@users.sourceforge.net>
  | 
  | 	* children.gen, synopsis.e.gen: First attempt at building a
  | 	  V4.3 book
  | 

Changes to en/refpages/elements/textdata/*

  | 2003-12-30  Norman Walsh <nwalsh@users.sourceforge.net>
  | 
  | 	* synopsis.e.gen, synopsis.u.gen: Updated to DocBook V4.3CR2
  | 
  | 2003-12-23  Norman Walsh <nwalsh@users.sourceforge.net>
  | 
  | 	* synopsis.e.gen, synopsis.u.gen: First attempt at building a
  | 	  V4.3 book
  | 

Changes to en/refpages/elements/textobject/*

  | 2003-12-30  Norman Walsh <nwalsh@users.sourceforge.net>
  | 
  | 	* synopsis.e.gen, synopsis.u.gen: Updated to DocBook V4.3CR2
  | 

Changes to en/refpages/elements/tfoot/*

  | 2003-12-30  Norman Walsh <nwalsh@users.sourceforge.net>
  | 
  | 	* synopsis.e.gen, synopsis.u.gen: Updated to DocBook V4.3CR2
  | 
  | 2003-12-23  Norman Walsh <nwalsh@users.sourceforge.net>
  | 
  | 	* children.gen, parents.gen, synopsis.e.gen, synopsis.u.gen:
  | 	  First attempt at building a V4.3 book
  | 

Changes to en/refpages/elements/tgroup/*

  | 2003-12-30  Norman Walsh <nwalsh@users.sourceforge.net>
  | 
  | 	* synopsis.e.gen, synopsis.u.gen: Updated to DocBook V4.3CR2
  | 
  | 2003-12-23  Norman Walsh <nwalsh@users.sourceforge.net>
  | 
  | 	* synopsis.e.gen, synopsis.u.gen: First attempt at building a
  | 	  V4.3 book
  | 

Changes to en/refpages/elements/th/*

  | 2003-12-30  Norman Walsh <nwalsh@users.sourceforge.net>
  | 
  | 	* synopsis.e.gen, synopsis.u.gen: Updated to DocBook V4.3CR2
  | 
  | 2003-12-23  Norman Walsh <nwalsh@users.sourceforge.net>
  | 
  | 	* children.gen, entities.e.ent, entities.u.ent, parents.gen,
  | 	  refentry.xml, reference.e.xml, reference.u.xml,
  | 	  synopsis.e.gen, synopsis.u.gen: New file.
  | 

Changes to en/refpages/elements/thead/*

  | 2003-12-30  Norman Walsh <nwalsh@users.sourceforge.net>
  | 
  | 	* synopsis.e.gen, synopsis.u.gen: Updated to DocBook V4.3CR2
  | 
  | 2003-12-23  Norman Walsh <nwalsh@users.sourceforge.net>
  | 
  | 	* children.gen, parents.gen, synopsis.e.gen, synopsis.u.gen:
  | 	  First attempt at building a V4.3 book
  | 

Changes to en/refpages/elements/tip/*

  | 2003-12-23  Norman Walsh <nwalsh@users.sourceforge.net>
  | 
  | 	* parents.gen: First attempt at building a V4.3 book
  | 

Changes to en/refpages/elements/title/*

  | 2003-12-23  Norman Walsh <nwalsh@users.sourceforge.net>
  | 
  | 	* children.gen, parents.gen, synopsis.e.gen: First attempt at
  | 	  building a V4.3 book
  | 

Changes to en/refpages/elements/titleabbrev/*

  | 2003-12-23  Norman Walsh <nwalsh@users.sourceforge.net>
  | 
  | 	* children.gen, parents.gen, synopsis.e.gen: First attempt at
  | 	  building a V4.3 book
  | 

Changes to en/refpages/elements/tocback/*

  | 2003-12-30  Norman Walsh <nwalsh@users.sourceforge.net>
  | 
  | 	* synopsis.e.gen, synopsis.u.gen: Updated to DocBook V4.3CR2
  | 
  | 2003-12-23  Norman Walsh <nwalsh@users.sourceforge.net>
  | 
  | 	* children.gen, synopsis.e.gen, synopsis.u.gen: First attempt
  | 	  at building a V4.3 book
  | 

Changes to en/refpages/elements/tocentry/*

  | 2003-12-23  Norman Walsh <nwalsh@users.sourceforge.net>
  | 
  | 	* children.gen, synopsis.e.gen, synopsis.u.gen: First attempt
  | 	  at building a V4.3 book
  | 

Changes to en/refpages/elements/tocfront/*

  | 2003-12-30  Norman Walsh <nwalsh@users.sourceforge.net>
  | 
  | 	* synopsis.e.gen, synopsis.u.gen: Updated to DocBook V4.3CR2
  | 
  | 2003-12-23  Norman Walsh <nwalsh@users.sourceforge.net>
  | 
  | 	* children.gen, synopsis.e.gen, synopsis.u.gen: First attempt
  | 	  at building a V4.3 book
  | 

Changes to en/refpages/elements/token/*

  | 2003-12-30  Norman Walsh <nwalsh@users.sourceforge.net>
  | 
  | 	* parents.gen: Updated to DocBook V4.3CR2
  | 
  | 2003-12-23  Norman Walsh <nwalsh@users.sourceforge.net>
  | 
  | 	* parents.gen: First attempt at building a V4.3 book
  | 

Changes to en/refpages/elements/tr/*

  | 2003-12-30  Norman Walsh <nwalsh@users.sourceforge.net>
  | 
  | 	* synopsis.e.gen, synopsis.u.gen: Updated to DocBook V4.3CR2
  | 
  | 2003-12-23  Norman Walsh <nwalsh@users.sourceforge.net>
  | 
  | 	* children.gen, entities.e.ent, entities.u.ent, parents.gen,
  | 	  refentry.xml, reference.e.xml, reference.u.xml,
  | 	  synopsis.e.gen, synopsis.u.gen: New file.
  | 

Changes to en/refpages/elements/trademark/*

  | 2003-12-23  Norman Walsh <nwalsh@users.sourceforge.net>
  | 
  | 	* children.gen, parents.gen, synopsis.e.gen: First attempt at
  | 	  building a V4.3 book
  | 

Changes to en/refpages/elements/type/*

  | 2003-12-30  Norman Walsh <nwalsh@users.sourceforge.net>
  | 
  | 	* parents.gen: Updated to DocBook V4.3CR2
  | 
  | 2003-12-23  Norman Walsh <nwalsh@users.sourceforge.net>
  | 
  | 	* parents.gen: First attempt at building a V4.3 book
  | 

Changes to en/refpages/elements/ulink/*

  | 2003-12-30  Norman Walsh <nwalsh@users.sourceforge.net>
  | 
  | 	* synopsis.e.gen, synopsis.u.gen: Updated to DocBook V4.3CR2
  | 
  | 2003-12-23  Norman Walsh <nwalsh@users.sourceforge.net>
  | 
  | 	* children.gen, parents.gen, synopsis.e.gen, synopsis.u.gen:
  | 	  First attempt at building a V4.3 book
  | 

Changes to en/refpages/elements/uri/*

  | 2003-12-30  Norman Walsh <nwalsh@users.sourceforge.net>
  | 
  | 	* parents.gen: Updated to DocBook V4.3CR2
  | 
  | 2003-12-23  Norman Walsh <nwalsh@users.sourceforge.net>
  | 
  | 	* children.gen, entities.e.ent, entities.u.ent, parents.gen,
  | 	  refentry.xml, reference.e.xml, reference.u.xml,
  | 	  synopsis.e.gen, synopsis.u.gen: New file.
  | 

Changes to en/refpages/elements/userinput/*

  | 2003-12-30  Norman Walsh <nwalsh@users.sourceforge.net>
  | 
  | 	* parents.gen: Updated to DocBook V4.3CR2
  | 
  | 2003-12-23  Norman Walsh <nwalsh@users.sourceforge.net>
  | 
  | 	* children.gen, parents.gen, synopsis.e.gen: First attempt at
  | 	  building a V4.3 book
  | 

Changes to en/refpages/elements/variablelist/*

  | 2003-12-23  Norman Walsh <nwalsh@users.sourceforge.net>
  | 
  | 	* parents.gen: First attempt at building a V4.3 book
  | 

Changes to en/refpages/elements/varname/*

  | 2003-12-30  Norman Walsh <nwalsh@users.sourceforge.net>
  | 
  | 	* parents.gen: Updated to DocBook V4.3CR2
  | 
  | 2003-12-23  Norman Walsh <nwalsh@users.sourceforge.net>
  | 
  | 	* parents.gen: First attempt at building a V4.3 book
  | 

Changes to en/refpages/elements/videodata/*

  | 2003-12-30  Norman Walsh <nwalsh@users.sourceforge.net>
  | 
  | 	* synopsis.e.gen, synopsis.u.gen: Updated to DocBook V4.3CR2
  | 
  | 2003-12-23  Norman Walsh <nwalsh@users.sourceforge.net>
  | 
  | 	* synopsis.e.gen, synopsis.u.gen: First attempt at building a
  | 	  V4.3 book
  | 

Changes to en/refpages/elements/void/*

  | 2003-12-23  Norman Walsh <nwalsh@users.sourceforge.net>
  | 
  | 	* synopsis.e.gen, synopsis.u.gen: First attempt at building a
  | 	  V4.3 book
  | 

Changes to en/refpages/elements/warning/*

  | 2003-12-23  Norman Walsh <nwalsh@users.sourceforge.net>
  | 
  | 	* parents.gen: First attempt at building a V4.3 book
  | 

Changes to en/refpages/elements/wordasword/*

  | 2003-12-30  Norman Walsh <nwalsh@users.sourceforge.net>
  | 
  | 	* parents.gen: Updated to DocBook V4.3CR2
  | 
  | 2003-12-23  Norman Walsh <nwalsh@users.sourceforge.net>
  | 
  | 	* parents.gen: First attempt at building a V4.3 book
  | 

Changes to en/refpages/elements/xref/*

  | 2003-12-30  Norman Walsh <nwalsh@users.sourceforge.net>
  | 
  | 	* parents.gen, synopsis.e.gen, synopsis.u.gen: Updated to
  | 	  DocBook V4.3CR2
  | 
  | 2003-12-23  Norman Walsh <nwalsh@users.sourceforge.net>
  | 
  | 	* parents.gen, synopsis.e.gen, synopsis.u.gen: First attempt
  | 	  at building a V4.3 book]]></programlisting>

</section>

<section><title>Changes since version 2.0.7 (2002-06-17)</title>

<programlisting><![CDATA[Changes to en/*

  | 2002-12-29  Norman Walsh <nwalsh@users.sourceforge.net>
  | 
  | 	* ch00.xml, ch01.xml, ch05.xml: Patches from jrdaily
  | 
  | 	* ch04.xml: Patches from jrdaily: I'm attaching yet another
  | 	  revision of the patch. Updated changelog: * Use CDATA
  | 	  sections in screen and programlisting blocks containing
  | 	  sample SGML and XML code. * Put quotes around attribute
  | 	  values in one sample block. Some of the attributes are
  | 	  attached to <xref> tags; so far as I know, there is no way
  | 	  to represent an <xref> that is legal in both DocBook SGML
  | 	  and XML, so I left them SGML-compliant (without a closing
  | 	  /). * Replace XML with &XML; when not in index terms, and
  | 	  SGML with &SGML;. This only affects latter parts of the
  | 	  chapter; older portions already use those entities. *
  | 	  Replace <literal> with tags such as sgmltag, varname, and
  | 	  parameter. * Update the Emacs comments at the end of the
  | 	  document. * Replace &ldquo;/&rdquo; pairs with <quote> tags.
  | 	  * Eliminate &ldquo;/&rdquo; entities used following an
  | 	  <xref>; this may be an outdated stylesheet workaround. *
  | 	  Replace a quoted reference to a section with an <xref>
  | 	  (Scheme).
  | 
  | 	* ch04.xml: Fix typo
  | 
  | 2002-09-21  Norman Walsh <nwalsh@users.sourceforge.net>
  | 
  | 	* ch02.xml: Fixed SGML minimization bug; not that it'll matter
  | 	  in 2e, I suppose
  | 
  | 2002-06-26  Norman Walsh <nwalsh@users.sourceforge.net>
  | 
  | 	* ch02.xml: Add ID to Making an Index section
  | 

Changes to en/stylesheets/*

  | 2002-12-29  Norman Walsh <nwalsh@users.sourceforge.net>
  | 
  | 	* tdg.xsl: Improve linking
  | 

Changes to en/build/lib/*

  | 2002-12-29  Norman Walsh <nwalsh@users.sourceforge.net>
  | 
  | 	* refentry.pl: Attempt to support run-time prefix for output
  | 	  files. This will allow multiple versions of the book to be
  | 	  built. (This may not work yet)
  | 
  | 	* seealso: Fixed category title
  | 

Changes to en/refpages/elements/bookinfo/*

  | 2002-09-25  Norman Walsh <nwalsh@users.sourceforge.net>
  | 
  | 	* example.1.xml: Defguide bug #613988: fix bug in copyright
  | 	  holders
  | 

Changes to en/refpages/elements/callout/*

  | 2002-11-26  Norman Walsh <nwalsh@users.sourceforge.net>
  | 
  | 	* refentry.xml: Corrected typos and thinkos reported by Robert
  | 	  P. J. Day
  | 

Changes to en/refpages/elements/co/*

  | 2002-11-26  Norman Walsh <nwalsh@users.sourceforge.net>
  | 
  | 	* example.1.xml: New file.
  | 

Changes to en/refpages/elements/emphasis/*

  | 2002-08-06  <dcramer@users.sourceforge.net>
  | 
  | 	* refentry.xml: Changed Emphasis in refentrytitle to emphasis
  | 	  to make it consistent with other refentrytitles
  | 

Changes to en/refpages/elements/equation/*

  | 2002-09-21  Norman Walsh <nwalsh@users.sourceforge.net>
  | 
  | 	* example.1.xml: Try spelling Theorem correctly
  | 

Changes to en/refpages/elements/errorcode/*

  | 2002-12-28  Norman Walsh <nwalsh@users.sourceforge.net>
  | 
  | 	* example.1.xml: Fix errorname usage
  | 

Changes to en/refpages/elements/figure/*

  | 2002-09-21  Norman Walsh <nwalsh@users.sourceforge.net>
  | 
  | 	* example.1.xml: Use mediaobject instead of graphic
  | 

Changes to en/refpages/elements/funcparams/*

  | 2002-11-26  Norman Walsh <nwalsh@users.sourceforge.net>
  | 
  | 	* example.1.xml: Fix typo
  | 

Changes to en/refpages/elements/imagedata/*

  | 2002-11-26  Norman Walsh <nwalsh@users.sourceforge.net>
  | 
  | 	* refentry.xml: Add an ID so we can xref to a section
  | 
  | 2002-09-21  Norman Walsh <nwalsh@users.sourceforge.net>
  | 
  | 	* refentry.xml: Specify scalefit=0 on example
  | 

Changes to en/refpages/elements/index/*

  | 2002-11-26  Norman Walsh <nwalsh@users.sourceforge.net>
  | 
  | 	* refentry.xml: Corrected typos and thinkos reported by Robert
  | 	  P. J. Day
  | 

Changes to en/refpages/elements/nonterminal/*

  | 2002-12-29  Norman Walsh <nwalsh@users.sourceforge.net>
  | 
  | 	* refentry.xml: Fix tracker #599968, clarify semantics of def
  | 	  attribute
  | 

Changes to en/refpages/elements/olink/*

  | 2002-07-17  Norman Walsh <nwalsh@users.sourceforge.net>
  | 
  | 	* example.1.xml: Fix typo in entity declaration
  | 

Changes to en/refpages/elements/qandaset/*

  | 2002-11-26  Norman Walsh <nwalsh@users.sourceforge.net>
  | 
  | 	* refentry.xml: Corrected typos and thinkos reported by Robert
  | 	  P. J. Day
  | 

Changes to en/refpages/elements/screenco/*

  | 2002-11-26  Norman Walsh <nwalsh@users.sourceforge.net>
  | 
  | 	* example.1.xml: Corrected typos and thinkos reported by
  | 	  Robert P. J. Day
  | 

Changes to en/refpages/elements/simplemsgentry/*

  | 2002-12-28  Norman Walsh <nwalsh@users.sourceforge.net>
  | 
  | 	* refentry.xml: Remove reference to a future change that's
  | 	  already been made
  | 

Changes to en/refpages/elements/synopsis/*

  | 2002-11-26  Norman Walsh <nwalsh@users.sourceforge.net>
  | 
  | 	* example.1.xml: Corrected typos and thinkos reported by
  | 	  Robert P. J. Day
  | 

Changes to en/refpages/elements/xref/*

  | 2002-12-28  Norman Walsh <nwalsh@users.sourceforge.net>
  | 
  | 	* refentry.xml: Clarify processing expectations
  | ]]></programlisting>

</section>

</appendix>
